Workbook

Sheet Sheet1
A1: Date | B1: Open | C1: High | D1: Low | E1: Close | F1: Adj Close | G1: Volume
A2: 44452 | B2: 1192 | C2: 1215 | D2: 1176.45 | E2: 1208.4 | F2: 982.33752 | G2: 3723138
A3: 44453 | B3: 1216 | C3: 1240.6 | D3: 1207 | E3: 1238.65 | F3: 1006.9285 | G3: 5593286
A4: 44454 | B4: 1238.65 | C4: 1288.95 | D4: 1230.25 | E4: 1273.25 | F4: 1035.0557 | G4: 6063895
A5: 44455 | B5: 1287.2 | C5: 1295.3 | D5: 1255.2 | E5: 1263.1 | F5: 1026.8042 | G5: 3616292
A6: 44456 | B6: 1265 | C6: 1281 | D6: 1258.5 | E6: 1263.3 | F6: 1026.9672 | G6: 4817180
A7: 44459 | B7: 1258 | C7: 1298.8 | D7: 1250 | E7: 1276.15 | F7: 1037.4132 | G7: 5453683
A8: 44460 | B8: 1289 | C8: 1315 | D8: 1277 | E8: 1299.5 | F8: 1056.3949 | G8: 4645597
A9: 44461 | B9: 1300 | C9: 1328.65 | D9: 1299.6 | E9: 1315.5 | F9: 1069.4016 | G9: 5367303
A10: 44462 | B10: 1326.85 | C10: 1336.45 | D10: 1313.9 | E10: 1328.3 | F10: 1079.8071 | G10: 3037295
A11: 44463 | B11: 1340 | C11: 1377.75 | D11: 1337 | E11: 1358.2 | F11: 1104.1132 | G11: 7951730
A12: 44466 | B12: 1366 | C12: 1367.95 | D12: 1290.05 | E12: 1295.2 | F12: 1052.899 | G12: 7653504
A13: 44467 | B13: 1304.95 | C13: 1304.95 | D13: 1254 | E13: 1269 | F13: 1031.6008 | G13: 8572321
... A1242: 46276 | B1242: 1196 | C1242: 1223.4 | D1242: 1195.7 | E1242: 1206.1 | F1242: 1206.1 | G1242: 2272618

Sheet Mean Rev
B3: Wipro Ltd | F3: Nifty50 Return
B4: Date | C4: Close Price | D4: Return | F4: Date | G4: Close Price | H4: Return
B5: 44452 | C5: =IFERROR(INDEX(Sheet1!F2:F1242,MATCH('Mean Rev'!B5,Sheet1!A2:A1242,0)),0) -> 982.33752 | F5: =B5 -> 44452 | G5: =IFERROR(INDEX([1]Sheet1!$F$2:$F$1238,MATCH('Mean Rev'!F5,[1]Sheet1!$A$2:$A$1238,0)),0) -> 17355.301
B6: 44453 | C6: =IFERROR(INDEX(Sheet1!F3:F1243,MATCH('Mean Rev'!B6,Sheet1!A3:A1243,0)),0) -> 1006.9285 | D6: =LN(C6/C5) -> 0.024724894 | F6: =B6 -> 44453 | G6: =IFERROR(INDEX([1]Sheet1!$F$2:$F$1238,MATCH('Mean Rev'!F6,[1]Sheet1!$A$2:$A$1238,0)),0) -> 17380 | H6: =LN(G6/G5) -> 0.0014221396
B7: 44454 | C7: =IFERROR(INDEX(Sheet1!F4:F1244,MATCH('Mean Rev'!B7,Sheet1!A4:A1244,0)),0) -> 1035.0557 | D7: =LN(C7/C6) -> 0.027550632 | F7: =B7 -> 44454 | G7: =IFERROR(INDEX([1]Sheet1!$F$2:$F$1238,MATCH('Mean Rev'!F7,[1]Sheet1!$A$2:$A$1238,0)),0) -> 17519.449 | H7: =LN(G7/G6) -> 0.0079915279
B8: 44455 | C8: =IFERROR(INDEX(Sheet1!F5:F1245,MATCH('Mean Rev'!B8,Sheet1!A5:A1245,0)),0) -> 1026.8042 | D8: =LN(C8/C7) -> -0.0080039474 | F8: =B8 -> 44455 | G8: =IFERROR(INDEX([1]Sheet1!$F$2:$F$1238,MATCH('Mean Rev'!F8,[1]Sheet1!$A$2:$A$1238,0)),0) -> 17629.5 | H8: =LN(G8/G7) -> 0.0062619875 | O8: SUMMARY OUTPUT
B9: 44456 | C9: =IFERROR(INDEX(Sheet1!F6:F1246,MATCH('Mean Rev'!B9,Sheet1!A6:A1246,0)),0) -> 1026.9672 | D9: =LN(C9/C8) -> 0.00015869719 | F9: =B9 -> 44456 | G9: =IFERROR(INDEX([1]Sheet1!$F$2:$F$1238,MATCH('Mean Rev'!F9,[1]Sheet1!$A$2:$A$1238,0)),0) -> 17585.15 | H9: =LN(G9/G8) -> -0.0025188172 | J9: Beta Drafting
B10: 44459 | C10: =IFERROR(INDEX(Sheet1!F7:F1247,MATCH('Mean Rev'!B10,Sheet1!A7:A1247,0)),0) -> 1037.4132 | D10: =LN(C10/C9) -> 0.010120358 | F10: =B10 -> 44459 | G10: =IFERROR(INDEX([1]Sheet1!$F$2:$F$1238,MATCH('Mean Rev'!F10,[1]Sheet1!$A$2:$A$1238,0)),0) -> 17396.9 | H10: =LN(G10/G9) -> -0.010762766 | O10: Regression Statistics
B11: 44460 | C11: =IFERROR(INDEX(Sheet1!F8:F1248,MATCH('Mean Rev'!B11,Sheet1!A8:A1248,0)),0) -> 1056.3949 | D11: =LN(C11/C10) -> 0.018131757 | F11: =B11 -> 44460 | G11: =IFERROR(INDEX([1]Sheet1!$F$2:$F$1238,MATCH('Mean Rev'!F11,[1]Sheet1!$A$2:$A$1238,0)),0) -> 17562 | H11: =LN(G11/G10) -> 0.0094454251 | O11: Multiple R | P11: 0.48528291
B12: 44461 | C12: =IFERROR(INDEX(Sheet1!F9:F1249,MATCH('Mean Rev'!B12,Sheet1!A9:A1249,0)),0) -> 1069.4016 | D12: =LN(C12/C11) -> 0.012237179 | F12: =B12 -> 44461 | G12: =IFERROR(INDEX([1]Sheet1!$F$2:$F$1238,MATCH('Mean Rev'!F12,[1]Sheet1!$A$2:$A$1238,0)),0) -> 17546.65 | H12: =LN(G12/G11) -> -0.00087440618 | J12: Levered Raw Beta | K12: =P25 -> 0.88670867 | O12: R Square | P12: 0.23549951
B13: 44462 | C13: =IFERROR(INDEX(Sheet1!F10:F1250,MATCH('Mean Rev'!B13,Sheet1!A10:A1250,0)),0) -> 1079.8071 | D13: =LN(C13/C12) -> 0.0096831906 | F13: =B13 -> 44462 | G13: =IFERROR(INDEX([1]Sheet1!$F$2:$F$1238,MATCH('Mean Rev'!F13,[1]Sheet1!$A$2:$A$1238,0)),0) -> 17822.949 | H13: =LN(G13/G12) -> 0.015623838 | J13: Raw Beta Weight | K13: 0.65 | O13: Adjusted R Square | P13: 0.23487998
B14: 44463 | C14: =IFERROR(INDEX(Sheet1!F11:F1251,MATCH('Mean Rev'!B14,Sheet1!A11:A1251,0)),0) -> 1104.1132 | D14: =LN(C14/C13) -> 0.022260001 | F14: =B14 -> 44463 | G14: =IFERROR(INDEX([1]Sheet1!$F$2:$F$1238,MATCH('Mean Rev'!F14,[1]Sheet1!$A$2:$A$1238,0)),0) -> 17853.199 | H14: =LN(G14/G13) -> 0.0016958113 | O14: Standard Error | P14: 0.013923017
B15: 44466 | C15: =IFERROR(INDEX(Sheet1!F12:F1252,MATCH('Mean Rev'!B15,Sheet1!A12:A1252,0)),0) -> 1052.899 | D15: =LN(C15/C14) -> -0.047495084 | F15: =B15 -> 44466 | G15: =IFERROR(INDEX([1]Sheet1!$F$2:$F$1238,MATCH('Mean Rev'!F15,[1]Sheet1!$A$2:$A$1238,0)),0) -> 17855.1 | H15: =LN(G15/G14) -> 0.00010643972 | J15: Market Beta | K15: 1 | O15: Observations | P15: 1236
B16: 44467 | C16: =IFERROR(INDEX(Sheet1!F13:F1253,MATCH('Mean Rev'!B16,Sheet1!A13:A1253,0)),0) -> 1031.6008 | D16: =LN(C16/C15) -> -0.020435558 | F16: =B16 -> 44467 | G16: =IFERROR(INDEX([1]Sheet1!$F$2:$F$1238,MATCH('Mean Rev'!F16,[1]Sheet1!$A$2:$A$1238,0)),0) -> 17748.6 | H16: =LN(G16/G15) -> -0.0059825423 | J16: Market Beta Weight | K16: 0.35
B17: 44468 | C17: =IFERROR(INDEX(Sheet1!F14:F1254,MATCH('Mean Rev'!B17,Sheet1!A14:A1254,0)),0) -> 1041.5184 | D17: =LN(C17/C16) -> 0.00956788 | F17: =B17 -> 44468 | G17: =IFERROR(INDEX([1]Sheet1!$F$2:$F$1238,MATCH('Mean Rev'!F17,[1]Sheet1!$A$2:$A$1238,0)),0) -> 17711.301 | H17: =LN(G17/G16) -> -0.0021037195 | O17: ANOVA
B18: 44469 | C18: =IFERROR(INDEX(Sheet1!F15:F1255,MATCH('Mean Rev'!B18,Sheet1!A15:A1255,0)),0) -> 1040.1772 | D18: =LN(C18/C17) -> -0.0012885521 | F18: =B18 -> 44469 | G18: =IFERROR(INDEX([1]Sheet1!$F$2:$F$1238,MATCH('Mean Rev'!F18,[1]Sheet1!$A$2:$A$1238,0)),0) -> 17618.15 | H18: =LN(G18/G17) -> -0.0052732552 | J18: Adjusted Beta | K18: =(K12*K13)+(K15*K16) -> 0.92636064 | P18: df | Q18: SS | R18: MS | S18: F | T18: Significance F
B19: 44470 | C19: =IFERROR(INDEX(Sheet1!F16:F1256,MATCH('Mean Rev'!B19,Sheet1!A16:A1256,0)),0) -> 1035.4622 | D19: =LN(C19/C18) -> -0.0045432709 | F19: =B19 -> 44470 | G19: =IFERROR(INDEX([1]Sheet1!$F$2:$F$1238,MATCH('Mean Rev'!F19,[1]Sheet1!$A$2:$A$1238,0)),0) -> 17532.051 | H19: =LN(G19/G18) -> -0.0048989638 | O19: Regression | P19: 1 | Q19: 0.07368755 | R19: 0.07368755 | S19: 380.12584 | T19: 5.1659483e-74
B20: 44473 | C20: =IFERROR(INDEX(Sheet1!F17:F1257,MATCH('Mean Rev'!B20,Sheet1!A17:A1257,0)),0) -> 1039.4454 | D20: =LN(C20/C19) -> 0.0038394782 | F20: =B20 -> 44473 | G20: =IFERROR(INDEX([1]Sheet1!$F$2:$F$1238,MATCH('Mean Rev'!F20,[1]Sheet1!$A$2:$A$1238,0)),0) -> 17691.25 | H20: =LN(G20/G19) -> 0.009039488 | O20: Residual | P20: 1234 | Q20: 0.23921141 | R20: 0.00019385041
B21: 44474 | C21: =IFERROR(INDEX(Sheet1!F18:F1258,MATCH('Mean Rev'!B21,Sheet1!A18:A1258,0)),0) -> 1060.9879 | D21: =LN(C21/C20) -> 0.020513134 | F21: =B21 -> 44474 | G21: =IFERROR(INDEX([1]Sheet1!$F$2:$F$1238,MATCH('Mean Rev'!F21,[1]Sheet1!$A$2:$A$1238,0)),0) -> 17822.301 | H21: =LN(G21/G20) -> 0.0073803589 | O21: Total | P21: 1235 | Q21: 0.31289896
B22: 44475 | C22: =IFERROR(INDEX(Sheet1!F19:F1259,MATCH('Mean Rev'!B22,Sheet1!A19:A1259,0)),0) -> 1036.8441 | D22: =LN(C22/C21) -> -0.023018873 | F22: =B22 -> 44475 | G22: =IFERROR(INDEX([1]Sheet1!$F$2:$F$1238,MATCH('Mean Rev'!F22,[1]Sheet1!$A$2:$A$1238,0)),0) -> 17646 | H22: =LN(G22/G21) -> -0.0099413972
B23: 44476 | C23: =IFERROR(INDEX(Sheet1!F20:F1260,MATCH('Mean Rev'!B23,Sheet1!A20:A1260,0)),0) -> 1061.923 | D23: =LN(C23/C22) -> 0.023899795 | F23: =B23 -> 44476 | G23: =IFERROR(INDEX([1]Sheet1!$F$2:$F$1238,MATCH('Mean Rev'!F23,[1]Sheet1!$A$2:$A$1238,0)),0) -> 17790.35 | H23: =LN(G23/G22) -> 0.0081470247 | P23: Coefficients | Q23: Standard Error | R23: t Stat | S23: P-value | T23: Lower 95% | U23: Upper 95% | V23: Lower 95.0% | W23: Upper 95.0%
B24: 44477 | C24: =IFERROR(INDEX(Sheet1!F21:F1261,MATCH('Mean Rev'!B24,Sheet1!A21:A1261,0)),0) -> 1074.8075 | D24: =LN(C24/C23) -> 0.012060181 | F24: =B24 -> 44477 | G24: =IFERROR(INDEX([1]Sheet1!$F$2:$F$1238,MATCH('Mean Rev'!F24,[1]Sheet1!$A$2:$A$1238,0)),0) -> 17895.199 | H24: =LN(G24/G23) -> 0.0058763233 | O24: Intercept | P24: -4.8299318e-05 | Q24: 0.00039617894 | R24: -0.12191289 | S24: 0.90298786 | T24: -0.00082555812 | U24: 0.00072895949 | V24: -0.00082555812 | W24: 0.00072895949
B25: 44480 | C25: =IFERROR(INDEX(Sheet1!F22:F1262,MATCH('Mean Rev'!B25,Sheet1!A22:A1262,0)),0) -> 1059.1591 | D25: =LN(C25/C24) -> -0.01466632 | F25: =B25 -> 44480 | G25: =IFERROR(INDEX([1]Sheet1!$F$2:$F$1238,MATCH('Mean Rev'!F25,[1]Sheet1!$A$2:$A$1238,0)),0) -> 17945.949 | H25: =LN(G25/G24) -> 0.0028319424 | O25: X Variable 1 | P25: 0.88670867 | Q25: 0.045479665 | R25: 19.496816 | S25: 5.1659483e-74 | T25: 0.79748265 | U25: 0.97593469 | V25: 0.79748265 | W25: 0.97593469
B26: 44481 | C26: =IFERROR(INDEX(Sheet1!F23:F1263,MATCH('Mean Rev'!B26,Sheet1!A23:A1263,0)),0) -> 1016.4398 | D26: =LN(C26/C25) -> -0.041169103 | F26: =B26 -> 44481 | G26: =IFERROR(INDEX([1]Sheet1!$F$2:$F$1238,MATCH('Mean Rev'!F26,[1]Sheet1!$A$2:$A$1238,0)),0) -> 17991.949 | H26: =LN(G26/G25) -> 0.002559973
B27: 44482 | C27: =IFERROR(INDEX(Sheet1!F24:F1264,MATCH('Mean Rev'!B27,Sheet1!A24:A1264,0)),0) -> 1028.6335 | D27: =LN(C27/C26) -> 0.011925118 | F27: =B27 -> 44482 | G27: =IFERROR(INDEX([1]Sheet1!$F$2:$F$1238,MATCH('Mean Rev'!F27,[1]Sheet1!$A$2:$A$1238,0)),0) -> 18161.75 | H27: =LN(G27/G26) -> 0.009393342
B28: 44483 | C28: =IFERROR(INDEX(Sheet1!F25:F1265,MATCH('Mean Rev'!B28,Sheet1!A25:A1265,0)),0) -> 1017.0903 | D28: =LN(C28/C27) -> -0.011285391 | F28: =B28 -> 44483 | G28: =IFERROR(INDEX([1]Sheet1!$F$2:$F$1238,MATCH('Mean Rev'!F28,[1]Sheet1!$A$2:$A$1238,0)),0) -> 18338.551 | H28: =LN(G28/G27) -> 0.00968771
B29: 44487 | C29: =IFERROR(INDEX(Sheet1!F26:F1266,MATCH('Mean Rev'!B29,Sheet1!A26:A1266,0)),0) -> 992.90552 | D29: =LN(C29/C28) -> -0.024065643 | F29: =B29 -> 44487 | G29: =IFERROR(INDEX([1]Sheet1!$F$2:$F$1238,MATCH('Mean Rev'!F29,[1]Sheet1!$A$2:$A$1238,0)),0) -> 18477.051 | H29: =LN(G29/G28) -> 0.0075240196 | O29: RESIDUAL OUTPUT
B30: 44488 | C30: =IFERROR(INDEX(Sheet1!F27:F1267,MATCH('Mean Rev'!B30,Sheet1!A27:A1267,0)),0) -> 1001.6038 | D30: =LN(C30/C29) -> 0.008722243 | F30: =B30 -> 44488 | G30: =IFERROR(INDEX([1]Sheet1!$F$2:$F$1238,MATCH('Mean Rev'!F30,[1]Sheet1!$A$2:$A$1238,0)),0) -> 18418.75 | H30: =LN(G30/G29) -> -0.0031602962
B31: 44489 | C31: =IFERROR(INDEX(Sheet1!F28:F1268,MATCH('Mean Rev'!B31,Sheet1!A28:A1268,0)),0) -> 1002.2542 | D31: =LN(C31/C30) -> 0.00064919939 | F31: =B31 -> 44489 | G31: =IFERROR(INDEX([1]Sheet1!$F$2:$F$1238,MATCH('Mean Rev'!F31,[1]Sheet1!$A$2:$A$1238,0)),0) -> 18266.6 | H31: =LN(G31/G30) -> -0.0082949332 | O31: Observation | P31: Predicted Y | Q31: Residuals
B32: 44490 | C32: =IFERROR(INDEX(Sheet1!F29:F1269,MATCH('Mean Rev'!B32,Sheet1!A29:A1269,0)),0) -> 992.25543 | D32: =LN(C32/C31) -> -0.010026387 | F32: =B32 -> 44490 | G32: =IFERROR(INDEX([1]Sheet1!$F$2:$F$1238,MATCH('Mean Rev'!F32,[1]Sheet1!$A$2:$A$1238,0)),0) -> 18178.1 | H32: =LN(G32/G31) -> -0.0048566829 | O32: 1 | P32: 0.0012127242 | Q32: 0.02351217
B33: 44491 | C33: =IFERROR(INDEX(Sheet1!F30:F1270,MATCH('Mean Rev'!B33,Sheet1!A30:A1270,0)),0) -> 978.56842 | D33: =LN(C33/C32) -> -0.013889858 | F33: =B33 -> 44491 | G33: =IFERROR(INDEX([1]Sheet1!$F$2:$F$1238,MATCH('Mean Rev'!F33,[1]Sheet1!$A$2:$A$1238,0)),0) -> 18114.9 | H33: =LN(G33/G32) -> -0.0034827257 | O33: 2 | P33: 0.0070378578 | Q33: 0.020512774
B34: 44494 | C34: =IFERROR(INDEX(Sheet1!F31:F1271,MATCH('Mean Rev'!B34,Sheet1!A31:A1271,0)),0) -> 955.12891 | D34: =LN(C34/C33) -> -0.024244396 | F34: =B34 -> 44494 | G34: =IFERROR(INDEX([1]Sheet1!$F$2:$F$1238,MATCH('Mean Rev'!F34,[1]Sheet1!$A$2:$A$1238,0)),0) -> 18125.4 | H34: =LN(G34/G33) -> 0.00057946541 | O34: 3 | P34: 0.0055042593 | Q34: -0.013508207
B35: 44495 | C35: =IFERROR(INDEX(Sheet1!F32:F1272,MATCH('Mean Rev'!B35,Sheet1!A32:A1272,0)),0) -> 956.27618 | D35: =LN(C35/C34) -> 0.0012004551 | F35: =B35 -> 44495 | G35: =IFERROR(INDEX([1]Sheet1!$F$2:$F$1238,MATCH('Mean Rev'!F35,[1]Sheet1!$A$2:$A$1238,0)),0) -> 18268.4 | H35: =LN(G35/G34) -> 0.0078585217 | O35: 4 | P35: -0.0022817563 | Q35: 0.0024404535
B36: 44496 | C36: =IFERROR(INDEX(Sheet1!F33:F1273,MATCH('Mean Rev'!B36,Sheet1!A33:A1273,0)),0) -> 964.75848 | D36: =LN(C36/C35) -> 0.0088310274 | F36: =B36 -> 44496 | G36: =IFERROR(INDEX([1]Sheet1!$F$2:$F$1238,MATCH('Mean Rev'!F36,[1]Sheet1!$A$2:$A$1238,0)),0) -> 18210.949 | H36: =LN(G36/G35) -> -0.0031497941 | O36: 5 | P36: -0.0095917375 | Q36: 0.019712095
B37: 44497 | C37: =IFERROR(INDEX(Sheet1!F34:F1274,MATCH('Mean Rev'!B37,Sheet1!A34:A1274,0)),0) -> 944.14624 | D37: =LN(C37/C36) -> -0.021596725 | F37: =B37 -> 44497 | G37: =IFERROR(INDEX([1]Sheet1!$F$2:$F$1238,MATCH('Mean Rev'!F37,[1]Sheet1!$A$2:$A$1238,0)),0) -> 17857.25 | H37: =LN(G37/G36) -> -0.01961343 | O37: 6 | P37: 0.008327041 | Q37: 0.0098047156
B38: 44498 | C38: =IFERROR(INDEX(Sheet1!F35:F1275,MATCH('Mean Rev'!B38,Sheet1!A35:A1275,0)),0) -> 937.38507 | D38: =LN(C38/C37) -> -0.0071869105 | F38: =B38 -> 44498 | G38: =IFERROR(INDEX([1]Sheet1!$F$2:$F$1238,MATCH('Mean Rev'!F38,[1]Sheet1!$A$2:$A$1238,0)),0) -> 17671.65 | H38: =LN(G38/G37) -> -0.010447906 | O38: 7 | P38: -0.00082364286 | Q38: 0.013060822
B39: 44501 | C39: =IFERROR(INDEX(Sheet1!F36:F1276,MATCH('Mean Rev'!B39,Sheet1!A36:A1276,0)),0) -> 974.63446 | D39: =LN(C39/C38) -> 0.038968329 | F39: =B39 -> 44501 | G39: =IFERROR(INDEX([1]Sheet1!$F$2:$F$1238,MATCH('Mean Rev'!F39,[1]Sheet1!$A$2:$A$1238,0)),0) -> 17929.65 | H39: =LN(G39/G38) -> 0.014494106 | O39: 8 | P39: 0.013805493 | Q39: -0.0041223029
B40: 44502 | C40: =IFERROR(INDEX(Sheet1!F37:F1277,MATCH('Mean Rev'!B40,Sheet1!A37:A1277,0)),0) -> 959.43158 | D40: =LN(C40/C39) -> -0.015721484 | F40: =B40 -> 44502 | G40: =IFERROR(INDEX([1]Sheet1!$F$2:$F$1238,MATCH('Mean Rev'!F40,[1]Sheet1!$A$2:$A$1238,0)),0) -> 17888.949 | H40: =LN(G40/G39) -> -0.0022726287 | O40: 9 | P40: 0.0014553912 | Q40: 0.02080461
B41: 44503 | C41: =IFERROR(INDEX(Sheet1!F38:F1278,MATCH('Mean Rev'!B41,Sheet1!A38:A1278,0)),0) -> 964.10309 | D41: =LN(C41/C40) -> 0.0048572225 | F41: =B41 -> 44503 | G41: =IFERROR(INDEX([1]Sheet1!$F$2:$F$1238,MATCH('Mean Rev'!F41,[1]Sheet1!$A$2:$A$1238,0)),0) -> 17829.199 | H41: =LN(G41/G40) -> -0.0033456413 | O41: 10 | P41: 4.6081703e-05 | Q41: -0.047541166
B42: 44504 | C42: =IFERROR(INDEX(Sheet1!F39:F1279,MATCH('Mean Rev'!B42,Sheet1!A39:A1279,0)),0) -> 969.63513 | D42: =LN(C42/C41) -> 0.0057216209 | F42: =B42 -> 44504 | G42: =IFERROR(INDEX([1]Sheet1!$F$2:$F$1238,MATCH('Mean Rev'!F42,[1]Sheet1!$A$2:$A$1238,0)),0) -> 17916.801 | H42: =LN(G42/G41) -> 0.0049013449 | O42: 11 | P42: -0.0053530714 | Q42: -0.015082486
B43: 44508 | C43: =IFERROR(INDEX(Sheet1!F40:F1280,MATCH('Mean Rev'!B43,Sheet1!A40:A1280,0)),0) -> 969.43024 | D43: =LN(C43/C42) -> -0.00021133379 | F43: =B43 -> 44508 | G43: =IFERROR(INDEX([1]Sheet1!$F$2:$F$1238,MATCH('Mean Rev'!F43,[1]Sheet1!$A$2:$A$1238,0)),0) -> 18068.551 | H43: =LN(G43/G42) -> 0.0084340373 | O43: 12 | P43: -0.0019136856 | Q43: 0.011481566
... B1079: 46036 | C1079: =IFERROR(INDEX(Sheet1!F1076:F2316,MATCH('Mean Rev'!B1079,Sheet1!A1076:A2316,0)),0) -> 1608.9559 | D1079: =LN(C1079/C1078) -> 0.0020999127 | F1079: =B1079 -> 46036 | G1079: =IFERROR(INDEX([1]Sheet1!$F$2:$F$1238,MATCH('Mean Rev'!F1079,[1]Sheet1!$A$2:$A$1238,0)),0) -> 25665.6 | H1079: =LN(G1079/G1078) -> -0.0025954838 | O1079: 1048 | P1079: -0.0077307108 | Q1079: 0.0110525
B1080: 46038 | C1080: =IFERROR(INDEX(Sheet1!F1078:F2318,MATCH('Mean Rev'!B1080,Sheet1!A1078:A2318,0)),0) -> 1649.2649 | D1080: =LN(C1080/C1079) -> 0.024744189 | F1080: =B1080 -> 46038 | G1080: =IFERROR(INDEX([1]Sheet1!$F$2:$F$1238,MATCH('Mean Rev'!F1080,[1]Sheet1!$A$2:$A$1238,0)),0) -> 25694.35 | H1080: =LN(G1080/G1079) -> 0.0011195495 | O1080: 1049 | P1080: -0.0041874191 | Q1080: -0.014341578
B1081: 46041 | C1081: =IFERROR(INDEX(Sheet1!F1079:F2319,MATCH('Mean Rev'!B1081,Sheet1!A1079:A2319,0)),0) -> 1667.5254 | D1081: =LN(C1081/C1080) -> 0.011011056 | F1081: =B1081 -> 46041 | G1081: =IFERROR(INDEX([1]Sheet1!$F$2:$F$1238,MATCH('Mean Rev'!F1081,[1]Sheet1!$A$2:$A$1238,0)),0) -> 25585.5 | H1081: =LN(G1081/G1080) -> -0.0042453234 | O1081: 1050 | P1081: -0.0028546352 | Q1081: 0.0079094009
B1082: 46042 | C1082: =IFERROR(INDEX(Sheet1!F1080:F2320,MATCH('Mean Rev'!B1082,Sheet1!A1080:A2320,0)),0) -> 1638.8721 | D1082: =LN(C1082/C1081) -> -0.017332482 | F1082: =B1082 -> 46042 | G1082: =IFERROR(INDEX([1]Sheet1!$F$2:$F$1238,MATCH('Mean Rev'!F1082,[1]Sheet1!$A$2:$A$1238,0)),0) -> 25232.5 | H1082: =LN(G1082/G1081) -> -0.013892939 | O1082: 1051 | P1082: 0.0047769514 | Q1082: -0.0009426811
B1083: 46043 | C1083: =IFERROR(INDEX(Sheet1!F1081:F2321,MATCH('Mean Rev'!B1083,Sheet1!A1081:A2321,0)),0) -> 1634.2097 | D1083: =LN(C1083/C1082) -> -0.0028489094 | F1083: =B1083 -> 46043 | G1083: =IFERROR(INDEX([1]Sheet1!$F$2:$F$1238,MATCH('Mean Rev'!F1083,[1]Sheet1!$A$2:$A$1238,0)),0) -> 25157.5 | H1083: =LN(G1083/G1082) -> -0.0029767833 | O1083: 1052 | P1083: 0.0050180313 | Q1083: -0.0045399215
B1084: 46044 | C1084: =IFERROR(INDEX(Sheet1!F1082:F2322,MATCH('Mean Rev'!B1084,Sheet1!A1082:A2322,0)),0) -> 1654.2185 | D1084: =LN(C1084/C1083) -> 0.012169362 | F1084: =B1084 -> 46044 | G1084: =IFERROR(INDEX([1]Sheet1!$F$2:$F$1238,MATCH('Mean Rev'!F1084,[1]Sheet1!$A$2:$A$1238,0)),0) -> 25289.9 | H1084: =LN(G1084/G1083) -> 0.0052490592 | O1084: 1053 | P1084: -0.00071743774 | Q1084: 0.0071514513
B1085: 46045 | C1085: =IFERROR(INDEX(Sheet1!F1083:F2323,MATCH('Mean Rev'!B1085,Sheet1!A1083:A2323,0)),0) -> 1658.0066 | D1085: =LN(C1085/C1084) -> 0.002287337 | F1085: =B1085 -> 46045 | G1085: =IFERROR(INDEX([1]Sheet1!$F$2:$F$1238,MATCH('Mean Rev'!F1085,[1]Sheet1!$A$2:$A$1238,0)),0) -> 25048.65 | H1085: =LN(G1085/G1084) -> -0.0095851725 | O1085: 1054 | P1085: -0.0057629523 | Q1085: -0.013603924
B1086: 46049 | C1086: =IFERROR(INDEX(Sheet1!F1084:F2324,MATCH('Mean Rev'!B1086,Sheet1!A1084:A2324,0)),0) -> 1670.8278 | D1086: =LN(C1086/C1085) -> 0.0077031351 | F1086: =B1086 -> 46049 | G1086: =IFERROR(INDEX([1]Sheet1!$F$2:$F$1238,MATCH('Mean Rev'!F1086,[1]Sheet1!$A$2:$A$1238,0)),0) -> 25175.4 | H1086: =LN(G1086/G1085) -> 0.0050473933 | O1086: 1055 | P1086: -0.0014740995 | Q1086: 0.0034701359
B1087: 46050 | C1087: =IFERROR(INDEX(Sheet1!F1085:F2325,MATCH('Mean Rev'!B1087,Sheet1!A1085:A2325,0)),0) -> 1679.9579 | D1087: =LN(C1087/C1086) -> 0.0054495575 | F1087: =B1087 -> 46050 | G1087: =IFERROR(INDEX([1]Sheet1!$F$2:$F$1238,MATCH('Mean Rev'!F1087,[1]Sheet1!$A$2:$A$1238,0)),0) -> 25342.75 | H1087: =LN(G1087/G1086) -> 0.0066253503 | O1087: 1056 | P1087: -0.00015133688 | Q1087: 0.0040108899
B1088: 46051 | C1088: =IFERROR(INDEX(Sheet1!F1086:F2326,MATCH('Mean Rev'!B1088,Sheet1!A1086:A2326,0)),0) -> 1672.1875 | D1088: =LN(C1088/C1087) -> -0.0046360756 | F1088: =B1088 -> 46051 | G1088: =IFERROR(INDEX([1]Sheet1!$F$2:$F$1238,MATCH('Mean Rev'!F1088,[1]Sheet1!$A$2:$A$1238,0)),0) -> 25418.9 | H1088: =LN(G1088/G1087) -> 0.0030003141 | O1088: 1057 | P1088: 0.0051179809 | Q1088: -0.016619986
B1089: 46052 | C1089: =IFERROR(INDEX(Sheet1!F1087:F2327,MATCH('Mean Rev'!B1089,Sheet1!A1087:A2327,0)),0) -> 1646.9337 | D1089: =LN(C1089/C1088) -> -0.015217445 | F1089: =B1089 -> 46052 | G1089: =IFERROR(INDEX([1]Sheet1!$F$2:$F$1238,MATCH('Mean Rev'!F1089,[1]Sheet1!$A$2:$A$1238,0)),0) -> 25320.65 | H1089: =LN(G1089/G1088) -> -0.0038727234 | O1089: 1058 | P1089: 0.0069584954 | Q1089: 0.0098861487
B1090: 46055 | C1090: =IFERROR(INDEX(Sheet1!F1088:F2328,MATCH('Mean Rev'!B1090,Sheet1!A1088:A2328,0)),0) -> 1628.6733 | D1090: =LN(C1090/C1089) -> -0.011149423 | F1090: =B1090 -> 46055 | G1090: =IFERROR(INDEX([1]Sheet1!$F$2:$F$1238,MATCH('Mean Rev'!F1090,[1]Sheet1!$A$2:$A$1238,0)),0) -> 25088.4 | H1090: =LN(G1090/G1089) -> -0.0092146803 | O1090: 1059 | P1090: 0.00011261386 | Q1090: 0.0056185047
B1091: 46056 | C1091: =IFERROR(INDEX(Sheet1!F1089:F2329,MATCH('Mean Rev'!B1091,Sheet1!A1089:A2329,0)),0) -> 1646.6425 | D1091: =LN(C1091/C1090) -> 0.010972558 | F1091: =B1091 -> 46056 | G1091: =IFERROR(INDEX([1]Sheet1!$F$2:$F$1238,MATCH('Mean Rev'!F1091,[1]Sheet1!$A$2:$A$1238,0)),0) -> 25727.551 | H1091: =LN(G1091/G1090) -> 0.025156829 | O1091: 1060 | P1091: -0.0012363835 | Q1091: -0.0018639765
... B1148: 46142 | C1148: =IFERROR(INDEX(Sheet1!F1146:F2386,MATCH('Mean Rev'!B1148,Sheet1!A1146:A2386,0)),0) -> 1186.9818 | D1148: =LN(C1148/C1147) -> -0.00091692059 | F1148: =B1148 -> 46142 | G1148: =IFERROR(INDEX([1]Sheet1!$F$2:$F$1238,MATCH('Mean Rev'!F1148,[1]Sheet1!$A$2:$A$1238,0)),0) -> 23997.551 | H1148: =LN(G1148/G1147) -> -0.0074768945 | O1148: 1117 | P1148: -0.029455725 | Q1148: -0.0045676741
B1149: 46146 | C1149: =IFERROR(INDEX(Sheet1!F1148:F2388,MATCH('Mean Rev'!B1149,Sheet1!A1148:A2388,0)),0) -> 1188.3677 | D1149: =LN(C1149/C1148) -> 0.001166872 | F1149: =B1149 -> 46146 | G1149: =IFERROR(INDEX([1]Sheet1!$F$2:$F$1238,MATCH('Mean Rev'!F1149,[1]Sheet1!$A$2:$A$1238,0)),0) -> 24119.301 | H1149: =LN(G1149/G1148) -> 0.0050606079 | O1149: 1118 | P1149: 0.0042721172 | Q1149: 0.012284619
B1150: 46147 | C1150: =IFERROR(INDEX(Sheet1!F1149:F2389,MATCH('Mean Rev'!B1150,Sheet1!A1149:A2389,0)),0) -> 1188.0707 | D1150: =LN(C1150/C1149) -> -0.00024995142 | F1150: =B1150 -> 46147 | G1150: =IFERROR(INDEX([1]Sheet1!$F$2:$F$1238,MATCH('Mean Rev'!F1150,[1]Sheet1!$A$2:$A$1238,0)),0) -> 24032.801 | H1150: =LN(G1150/G1149) -> -0.0035927858 | O1150: 1119 | P1150: -0.0234421 | Q1150: 0.041939893
B1151: 46148 | C1151: =IFERROR(INDEX(Sheet1!F1150:F2390,MATCH('Mean Rev'!B1151,Sheet1!A1150:A2390,0)),0) -> 1177.0829 | D1151: =LN(C1151/C1150) -> -0.009291466 | F1151: =B1151 -> 46148 | G1151: =IFERROR(INDEX([1]Sheet1!$F$2:$F$1238,MATCH('Mean Rev'!F1151,[1]Sheet1!$A$2:$A$1238,0)),0) -> 24330.949 | H1151: =LN(G1151/G1150) -> 0.012329574 | O1151: 1120 | P1151: 0.015558549 | Q1151: -0.0047966222
B1152: 46149 | C1152: =IFERROR(INDEX(Sheet1!F1151:F2391,MATCH('Mean Rev'!B1152,Sheet1!A1151:A2391,0)),0) -> 1171.4404 | D1152: =LN(C1152/C1151) -> -0.0048051189 | F1152: =B1152 -> 46149 | G1152: =IFERROR(INDEX([1]Sheet1!$F$2:$F$1238,MATCH('Mean Rev'!F1152,[1]Sheet1!$A$2:$A$1238,0)),0) -> 24326.65 | H1152: =LN(G1152/G1151) -> -0.00017669709 | O1152: 1121 | P1152: 0.015071721 | Q1152: -0.0092632416
B1153: 46150 | C1153: =IFERROR(INDEX(Sheet1!F1152:F2392,MATCH('Mean Rev'!B1153,Sheet1!A1152:A2392,0)),0) -> 1186.2889 | D1153: =LN(C1153/C1152) -> 0.012595769 | F1153: =B1153 -> 46150 | G1153: =IFERROR(INDEX([1]Sheet1!$F$2:$F$1238,MATCH('Mean Rev'!F1153,[1]Sheet1!$A$2:$A$1238,0)),0) -> 24176.15 | H1153: =LN(G1153/G1152) -> -0.0062058471 | O1153: 1122 | P1153: -0.018766998 | Q1153: 0.0064566151
B1154: 46153 | C1154: =IFERROR(INDEX(Sheet1!F1153:F2393,MATCH('Mean Rev'!B1154,Sheet1!A1153:A2393,0)),0) -> 1182.8242 | D1154: =LN(C1154/C1153) -> -0.0029249123 | F1154: =B1154 -> 46153 | G1154: =IFERROR(INDEX([1]Sheet1!$F$2:$F$1238,MATCH('Mean Rev'!F1154,[1]Sheet1!$A$2:$A$1238,0)),0) -> 23815.85 | H1154: =LN(G1154/G1153) -> -0.015015317 | O1154: 1123 | P1154: -0.01922428 | Q1154: 0.0023724225
B1155: 46154 | C1155: =IFERROR(INDEX(Sheet1!F1154:F2394,MATCH('Mean Rev'!B1155,Sheet1!A1154:A2394,0)),0) -> 1134.2205 | D1155: =LN(C1155/C1154) -> -0.04195939 | F1155: =B1155 -> 46154 | G1155: =IFERROR(INDEX([1]Sheet1!$F$2:$F$1238,MATCH('Mean Rev'!F1155,[1]Sheet1!$A$2:$A$1238,0)),0) -> 23379.551 | H1155: =LN(G1155/G1154) -> -0.018489567 | O1155: 1124 | P1155: 0.01366311 | Q1155: -0.0041674932
B1156: 46155 | C1156: =IFERROR(INDEX(Sheet1!F1155:F2395,MATCH('Mean Rev'!B1156,Sheet1!A1155:A2395,0)),0) -> 1131.6467 | D1156: =LN(C1156/C1155) -> -0.0022717409 | F1156: =B1156 -> 46155 | G1156: =IFERROR(INDEX([1]Sheet1!$F$2:$F$1238,MATCH('Mean Rev'!F1156,[1]Sheet1!$A$2:$A$1238,0)),0) -> 23412.6 | H1156: =LN(G1156/G1155) -> 0.0014125802 | O1156: 1125 | P1156: 0.0012682792 | Q1156: 0.033415534
B1157: 46156 | C1157: =IFERROR(INDEX(Sheet1!F1156:F2396,MATCH('Mean Rev'!B1157,Sheet1!A1156:A2396,0)),0) -> 1112.6407 | D1157: =LN(C1157/C1156) -> -0.016937613 | F1157: =B1157 -> 46156 | G1157: =IFERROR(INDEX([1]Sheet1!$F$2:$F$1238,MATCH('Mean Rev'!F1157,[1]Sheet1!$A$2:$A$1238,0)),0) -> 23689.6 | H1157: =LN(G1157/G1156) -> 0.011761794 | O1157: 1126 | P1157: 0.0098571181 | Q1157: -0.0090728155
B1158: 46157 | C1158: =IFERROR(INDEX(Sheet1!F1157:F2397,MATCH('Mean Rev'!B1158,Sheet1!A1157:A2397,0)),0) -> 1121.1538 | D1158: =LN(C1158/C1157) -> 0.0076221 | F1158: =B1158 -> 46157 | G1158: =IFERROR(INDEX([1]Sheet1!$F$2:$F$1238,MATCH('Mean Rev'!F1158,[1]Sheet1!$A$2:$A$1238,0)),0) -> 23643.5 | H1158: =LN(G1158/G1157) -> -0.0019478811 | O1158: 1127 | P1158: 0.0059308595 | Q1158: 0.020996018
B1159: 46160 | C1159: =IFERROR(INDEX(Sheet1!F1158:F2398,MATCH('Mean Rev'!B1159,Sheet1!A1158:A2398,0)),0) -> 1135.0123 | D1159: =LN(C1159/C1158) -> 0.012285172 | F1159: =B1159 -> 46160 | G1159: =IFERROR(INDEX([1]Sheet1!$F$2:$F$1238,MATCH('Mean Rev'!F1159,[1]Sheet1!$A$2:$A$1238,0)),0) -> 23649.949 | H1159: =LN(G1159/G1158) -> 0.00027273201 | O1159: 1128 | P1159: 0.032837483 | Q1159: -0.019469908
B1160: 46161 | C1160: =IFERROR(INDEX(Sheet1!F1159:F2399,MATCH('Mean Rev'!B1160,Sheet1!A1159:A2399,0)),0) -> 1167.481 | D1160: =LN(C1160/C1159) -> 0.028204886 | F1160: =B1160 -> 46161 | G1160: =IFERROR(INDEX([1]Sheet1!$F$2:$F$1238,MATCH('Mean Rev'!F1160,[1]Sheet1!$A$2:$A$1238,0)),0) -> 23618 | H1160: =LN(G1160/G1159) -> -0.0013518346 | O1160: 1129 | P1160: -0.0082987628 | Q1160: 0.010964626
... B1166: 46169 | C1166: =IFERROR(INDEX(Sheet1!F1165:F2405,MATCH('Mean Rev'!B1166,Sheet1!A1165:A2405,0)),0) -> 1153.4243 | D1166: =LN(C1166/C1165) -> 0.002836108 | F1166: =B1166 -> 46169 | G1166: =IFERROR(INDEX([1]Sheet1!$F$2:$F$1238,MATCH('Mean Rev'!F1166,[1]Sheet1!$A$2:$A$1238,0)),0) -> 23907.15 | H1166: =LN(G1166/G1165) -> -0.00027389008 | O1166: 1135 | P1166: 0.0003629937 | Q1166: -0.010117017
B1167: 46171 | C1167: =IFERROR(INDEX(Sheet1!F1167:F2407,MATCH('Mean Rev'!B1167,Sheet1!A1167:A2407,0)),0) -> 1171.8364 | D1167: =LN(C1167/C1166) -> 0.015836929 | F1167: =B1167 -> 46171 | G1167: =IFERROR(INDEX([1]Sheet1!$F$2:$F$1238,MATCH('Mean Rev'!F1167,[1]Sheet1!$A$2:$A$1238,0)),0) -> 23547.75 | H1167: =LN(G1167/G1166) -> -0.015147319 | O1167: 1136 | P1167: 0.0076246134 | Q1167: 0.0013664972
B1168: 46174 | C1168: =IFERROR(INDEX(Sheet1!F1168:F2408,MATCH('Mean Rev'!B1168,Sheet1!A1168:A2408,0)),0) -> 1183.0222 | D1168: =LN(C1168/C1167) -> 0.0095002519 | F1168: =B1168 -> 46174 | G1168: =IFERROR(INDEX([1]Sheet1!$F$2:$F$1238,MATCH('Mean Rev'!F1168,[1]Sheet1!$A$2:$A$1238,0)),0) -> 23382.6 | H1168: =LN(G1168/G1167) -> -0.0070381352 | O1168: 1137 | P1168: -0.0072391365 | Q1168: -0.10724479
B1169: 46175 | C1169: =IFERROR(INDEX(Sheet1!F1169:F2409,MATCH('Mean Rev'!B1169,Sheet1!A1169:A2409,0)),0) -> 1230.9331 | D1169: =LN(C1169/C1168) -> 0.039700139 | F1169: =B1169 -> 46175 | G1169: =IFERROR(INDEX([1]Sheet1!$F$2:$F$1238,MATCH('Mean Rev'!F1169,[1]Sheet1!$A$2:$A$1238,0)),0) -> 23483.551 | H1169: =LN(G1169/G1168) -> 0.00430807 | O1169: 1138 | P1169: -0.0075381179 | Q1169: 0.0015292777
B1170: 46176 | C1170: =IFERROR(INDEX(Sheet1!F1170:F2410,MATCH('Mean Rev'!B1170,Sheet1!A1170:A2410,0)),0) -> 1167.085 | D1170: =LN(C1170/C1169) -> -0.053263351 | F1170: =B1170 -> 46176 | G1170: =IFERROR(INDEX([1]Sheet1!$F$2:$F$1238,MATCH('Mean Rev'!F1170,[1]Sheet1!$A$2:$A$1238,0)),0) -> 23405.6 | H1170: =LN(G1170/G1169) -> -0.003324916 | O1170: 1139 | P1170: -0.010197354 | Q1170: -0.030837462
B1171: 46177 | C1171: =IFERROR(INDEX(Sheet1!F1171:F2411,MATCH('Mean Rev'!B1171,Sheet1!A1171:A2411,0)),0) -> 1156.4932 | D1171: =LN(C1171/C1170) -> -0.0091168617 | F1171: =B1171 -> 46177 | G1171: =IFERROR(INDEX([1]Sheet1!$F$2:$F$1238,MATCH('Mean Rev'!F1171,[1]Sheet1!$A$2:$A$1238,0)),0) -> 23416.551 | H1171: =LN(G1171/G1170) -> 0.00046777741 | O1171: 1140 | P1171: 0.0071484137 | Q1171: 0.013416569
B1172: 46178 | C1172: =IFERROR(INDEX(Sheet1!F1172:F2412,MATCH('Mean Rev'!B1172,Sheet1!A1172:A2412,0)),0) -> 1143.0304 | D1172: =LN(C1172/C1171) -> -0.011709315 | F1172: =B1172 -> 46178 | G1172: =IFERROR(INDEX([1]Sheet1!$F$2:$F$1238,MATCH('Mean Rev'!F1172,[1]Sheet1!$A$2:$A$1238,0)),0) -> 23366.699 | H1172: =LN(G1172/G1171) -> -0.0021311722 | O1172: 1141 | P1172: -0.0036254972 | Q1172: -0.022941472
B1173: 46181 | C1173: =IFERROR(INDEX(Sheet1!F1173:F2413,MATCH('Mean Rev'!B1173,Sheet1!A1173:A2413,0)),0) -> 1139.6649 | D1173: =LN(C1173/C1172) -> -0.0029486905 | F1173: =B1173 -> 46181 | G1173: =IFERROR(INDEX([1]Sheet1!$F$2:$F$1238,MATCH('Mean Rev'!F1173,[1]Sheet1!$A$2:$A$1238,0)),0) -> 23123 | H1173: =LN(G1173/G1172) -> -0.010484105 | O1173: 1142 | P1173: 0.0066499457 | Q1173: -0.0031443593
B1174: 46182 | C1174: =IFERROR(INDEX(Sheet1!F1174:F2414,MATCH('Mean Rev'!B1174,Sheet1!A1174:A2414,0)),0) -> 1134.7155 | D1174: =LN(C1174/C1173) -> -0.0043523685 | F1174: =B1174 -> 46182 | G1174: =IFERROR(INDEX([1]Sheet1!$F$2:$F$1238,MATCH('Mean Rev'!F1174,[1]Sheet1!$A$2:$A$1238,0)),0) -> 23242.1 | H1174: =LN(G1174/G1173) -> 0.0051374794 | O1174: 1143 | P1174: -0.0066781265 | Q1174: 0.0057612059
B1175: 46183 | C1175: =IFERROR(INDEX(Sheet1!F1175:F2415,MATCH('Mean Rev'!B1175,Sheet1!A1175:A2415,0)),0) -> 1120.6589 | D1175: =LN(C1175/C1174) -> -0.012465071 | F1175: =B1175 -> 46183 | G1175: =IFERROR(INDEX([1]Sheet1!$F$2:$F$1238,MATCH('Mean Rev'!F1175,[1]Sheet1!$A$2:$A$1238,0)),0) -> 23214.949 | H1175: =LN(G1175/G1174) -> -0.0011688385 | O1175: 1144 | P1175: 0.0044389856 | Q1175: -0.0032721136
B1176: 46184 | C1176: =IFERROR(INDEX(Sheet1!F1176:F2416,MATCH('Mean Rev'!B1176,Sheet1!A1176:A2416,0)),0) -> 1098.9802 | D1176: =LN(C1176/C1175) -> -0.019534166 | F1176: =B1176 -> 46184 | G1176: =IFERROR(INDEX([1]Sheet1!$F$2:$F$1238,MATCH('Mean Rev'!F1176,[1]Sheet1!$A$2:$A$1238,0)),0) -> 23161.6 | H1176: =LN(G1176/G1175) -> -0.002300716 | O1176: 1145 | P1176: -0.0032340536 | Q1176: 0.0029841022
B1177: 46185 | C1177: =IFERROR(INDEX(Sheet1!F1177:F2417,MATCH('Mean Rev'!B1177,Sheet1!A1177:A2417,0)),0) -> 1098.3862 | D1177: =LN(C1177/C1176) -> -0.00054064187 | F1177: =B1177 -> 46185 | G1177: =IFERROR(INDEX([1]Sheet1!$F$2:$F$1238,MATCH('Mean Rev'!F1177,[1]Sheet1!$A$2:$A$1238,0)),0) -> 23622.9 | H1177: =LN(G1177/G1176) -> 0.019720879 | O1177: 1146 | P1177: 0.010884441 | Q1177: -0.020175907
B1178: 46188 | C1178: =IFERROR(INDEX(Sheet1!F1178:F2418,MATCH('Mean Rev'!B1178,Sheet1!A1178:A2418,0)),0) -> 1107.9883 | D1178: =LN(C1178/C1177) -> 0.0087039724 | F1178: =B1178 -> 46188 | G1178: =IFERROR(INDEX([1]Sheet1!$F$2:$F$1238,MATCH('Mean Rev'!F1178,[1]Sheet1!$A$2:$A$1238,0)),0) -> 23853.9 | H1178: =LN(G1178/G1177) -> 0.0097311453 | O1178: 1147 | P1178: -0.00020497816 | Q1178: -0.0046001408
... B1186: 46198 | C1186: =IFERROR(INDEX(Sheet1!F1186:F2426,MATCH('Mean Rev'!B1186,Sheet1!A1186:A2426,0)),0) -> 1089.5762 | D1186: =LN(C1186/C1185) -> -0.011921076 | F1186: =B1186 -> 46198 | G1186: =IFERROR(INDEX([1]Sheet1!$F$2:$F$1238,MATCH('Mean Rev'!F1186,[1]Sheet1!$A$2:$A$1238,0)),0) -> 24056 | H1186: =LN(G1186/G1185) -> 0.0014289224 | O1186: 1155 | P1186: -0.0012469827 | Q1186: 0.029451869
B1187: 46202 | C1187: =IFERROR(INDEX(Sheet1!F1188:F2428,MATCH('Mean Rev'!B1187,Sheet1!A1188:A2428,0)),0) -> 1091.259 | D1187: =LN(C1187/C1186) -> 0.0015433185 | F1187: =B1187 -> 46202 | G1187: =IFERROR(INDEX([1]Sheet1!$F$2:$F$1238,MATCH('Mean Rev'!F1187,[1]Sheet1!$A$2:$A$1238,0)),0) -> 23946.25 | H1187: =LN(G1187/G1186) -> -0.0045727103 | O1187: 1156 | P1187: 0.0014896606 | Q1187: -0.0096627612
B1188: 46203 | C1188: =IFERROR(INDEX(Sheet1!F1189:F2429,MATCH('Mean Rev'!B1188,Sheet1!A1189:A2429,0)),0) -> 1060.9684 | D1188: =LN(C1188/C1187) -> -0.028150045 | F1188: =B1188 -> 46203 | G1188: =IFERROR(INDEX([1]Sheet1!$F$2:$F$1238,MATCH('Mean Rev'!F1188,[1]Sheet1!$A$2:$A$1238,0)),0) -> 23865.75 | H1188: =LN(G1188/G1187) -> -0.0033673587 | O1188: 1157 | P1188: -0.00020950168 | Q1188: -0.0011592174
B1189: 46204 | C1189: =IFERROR(INDEX(Sheet1!F1190:F2430,MATCH('Mean Rev'!B1189,Sheet1!A1190:A2430,0)),0) -> 1023.7482 | D1189: =LN(C1189/C1188) -> -0.035711433 | F1189: =B1189 -> 46204 | G1189: =IFERROR(INDEX([1]Sheet1!$F$2:$F$1238,MATCH('Mean Rev'!F1189,[1]Sheet1!$A$2:$A$1238,0)),0) -> 24005.85 | H1189: =LN(G1189/G1188) -> 0.0058531576 | O1189: 1158 | P1189: 0.002370023 | Q1189: -0.0059717038
B1190: 46205 | C1190: =IFERROR(INDEX(Sheet1!F1191:F2431,MATCH('Mean Rev'!B1190,Sheet1!A1191:A2431,0)),0) -> 1067.2046 | D1190: =LN(C1190/C1189) -> 0.04157207 | F1190: =B1190 -> 46205 | G1190: =IFERROR(INDEX([1]Sheet1!$F$2:$F$1238,MATCH('Mean Rev'!F1190,[1]Sheet1!$A$2:$A$1238,0)),0) -> 24175.699 | H1190: =LN(G1190/G1189) -> 0.0070504298 | O1190: 1159 | P1190: 0.011553986 | Q1190: -0.01009464
B1191: 46206 | C1191: =IFERROR(INDEX(Sheet1!F1192:F2432,MATCH('Mean Rev'!B1191,Sheet1!A1192:A2432,0)),0) -> 1127.4891 | D1191: =LN(C1191/C1190) -> 0.05495046 | F1191: =B1191 -> 46206 | G1191: =IFERROR(INDEX([1]Sheet1!$F$2:$F$1238,MATCH('Mean Rev'!F1191,[1]Sheet1!$A$2:$A$1238,0)),0) -> 24270.85 | H1191: =LN(G1191/G1190) -> 0.0039280616 | O1191: 1160 | P1191: -0.004412924 | Q1191: 0.0011477554
B1192: 46209 | C1192: =IFERROR(INDEX(Sheet1!F1193:F2433,MATCH('Mean Rev'!B1192,Sheet1!A1193:A2433,0)),0) -> 1122.7377 | D1192: =LN(C1192/C1191) -> -0.0042231049 | F1192: =B1192 -> 46209 | G1192: =IFERROR(INDEX([1]Sheet1!$F$2:$F$1238,MATCH('Mean Rev'!F1192,[1]Sheet1!$A$2:$A$1238,0)),0) -> 24430.35 | H1192: =LN(G1192/G1191) -> 0.0065501701 | O1192: 1161 | P1192: -0.00029116003 | Q1192: 0.0031272681
B1193: 46210 | C1193: =IFERROR(INDEX(Sheet1!F1194:F2434,MATCH('Mean Rev'!B1193,Sheet1!A1194:A2434,0)),0) -> 1156.394 | D1193: =LN(C1193/C1192) -> 0.029536528 | F1193: =B1193 -> 46210 | G1193: =IFERROR(INDEX([1]Sheet1!$F$2:$F$1238,MATCH('Mean Rev'!F1193,[1]Sheet1!$A$2:$A$1238,0)),0) -> 24398.699 | H1193: =LN(G1193/G1192) -> -0.0012963757 | O1193: 1162 | P1193: -0.013479559 | Q1193: 0.029316487
B1194: 46211 | C1194: =IFERROR(INDEX(Sheet1!F1195:F2435,MATCH('Mean Rev'!B1194,Sheet1!A1195:A2435,0)),0) -> 1134.0225 | D1194: =LN(C1194/C1193) -> -0.019535568 | F1194: =B1194 -> 46211 | G1194: =IFERROR(INDEX([1]Sheet1!$F$2:$F$1238,MATCH('Mean Rev'!F1194,[1]Sheet1!$A$2:$A$1238,0)),0) -> 23882.051 | H1194: =LN(G1194/G1193) -> -0.021402657 | O1194: 1163 | P1194: -0.0062890748 | Q1194: 0.015789327
B1195: 46212 | C1195: =IFERROR(INDEX(Sheet1!F1196:F2436,MATCH('Mean Rev'!B1195,Sheet1!A1196:A2436,0)),0) -> 1138.7739 | D1195: =LN(C1195/C1194) -> 0.004181168 | F1195: =B1195 -> 46212 | G1195: =IFERROR(INDEX([1]Sheet1!$F$2:$F$1238,MATCH('Mean Rev'!F1195,[1]Sheet1!$A$2:$A$1238,0)),0) -> 23962.801 | H1195: =LN(G1195/G1194) -> 0.003375497 | O1195: 1164 | P1195: 0.0037717037 | Q1195: 0.035928436
B1196: 46213 | C1196: =IFERROR(INDEX(Sheet1!F1197:F2437,MATCH('Mean Rev'!B1196,Sheet1!A1197:A2437,0)),0) -> 1152.3354 | D1196: =LN(C1196/C1195) -> 0.011838529 | F1196: =B1196 -> 46213 | G1196: =IFERROR(INDEX([1]Sheet1!$F$2:$F$1238,MATCH('Mean Rev'!F1196,[1]Sheet1!$A$2:$A$1238,0)),0) -> 24206.9 | H1196: =LN(G1196/G1195) -> 0.010135072 | O1196: 1165 | P1196: -0.0029965312 | Q1196: -0.050266819
B1197: 46216 | C1197: =IFERROR(INDEX(Sheet1!F1198:F2438,MATCH('Mean Rev'!B1197,Sheet1!A1198:A2438,0)),0) -> 1208.8584 | D1197: =LN(C1197/C1196) -> 0.047885733 | F1197: =B1197 -> 46216 | G1197: =IFERROR(INDEX([1]Sheet1!$F$2:$F$1238,MATCH('Mean Rev'!F1197,[1]Sheet1!$A$2:$A$1238,0)),0) -> 24211 | H1197: =LN(G1197/G1196) -> 0.00016934272 | O1197: 1166 | P1197: 0.00036648297 | Q1197: -0.0094833447
B1198: 46217 | C1198: =IFERROR(INDEX(Sheet1!F1199:F2439,MATCH('Mean Rev'!B1198,Sheet1!A1199:A2439,0)),0) -> 1154.9092 | D1198: =LN(C1198/C1197) -> -0.045654733 | F1198: =B1198 -> 46217 | G1198: =IFERROR(INDEX([1]Sheet1!$F$2:$F$1238,MATCH('Mean Rev'!F1198,[1]Sheet1!$A$2:$A$1238,0)),0) -> 24052.051 | H1198: =LN(G1198/G1197) -> -0.0065868109 | O1198: 1167 | P1198: -0.0019380282 | Q1198: -0.0097712864
... B1241: 46276 | C1241: =IFERROR(INDEX(Sheet1!F1242:F2482,MATCH('Mean Rev'!B1241,Sheet1!A1242:A2482,0)),0) -> 1206.1 | D1241: =LN(C1241/C1240) -> -0.00074594875 | F1241: =B1241 -> 46276 | G1241: =IFERROR(INDEX([1]Sheet1!$F$2:$F$1238,MATCH('Mean Rev'!F1241,[1]Sheet1!$A$2:$A$1238,0)),0) -> 23398.1 | H1241: =LN(G1241/G1240) -> -0.0034005213 | O1241: 1210 | P1241: 0.00036029445 | Q1241: -0.011533595
O1242: 1211 | P1242: -0.0024035135 | Q1242: 0.018453773
O1243: 1212 | P1243: 0.00042614666 | Q1243: 1.6019762e-05
O1244: 1213 | P1244: -0.0041009173 | Q1244: 0.010124643
O1245: 1214 | P1245: -0.0013446136 | Q1245: 0.0013446136
O1246: 1215 | P1246: -0.0015045913 | Q1246: 0.0048678873
O1247: 1216 | P1247: -0.0011338985 | Q1247: -0.0061921416
...
