Workbook

Sheet Sheet1
A1: Date | B1: Open | C1: High | D1: Low | E1: Close | F1: Adj Close | G1: Volume
A2: 44452 | B2: 1683 | C2: 1701.5 | D2: 1675.2 | E2: 1691.9 | F2: 1473.5985 | G2: 4662374
A3: 44453 | B3: 1695.95 | C3: 1695.95 | D3: 1678.6 | E3: 1686.15 | F3: 1468.5902 | G3: 4945167
A4: 44454 | B4: 1693.25 | C4: 1715.1 | D4: 1690.2 | E4: 1711.45 | F4: 1490.6259 | G4: 4062344
A5: 44455 | B5: 1715.2 | C5: 1719.25 | D5: 1691.45 | E5: 1702.25 | F5: 1482.613 | G5: 3246568
A6: 44456 | B6: 1697 | C6: 1718 | D6: 1684.45 | E6: 1691.3 | F6: 1473.0758 | G6: 7454864
A7: 44459 | B7: 1685 | C7: 1707.7 | D7: 1677.95 | E7: 1687.85 | F7: 1470.0709 | G7: 5660743
A8: 44460 | B8: 1700 | C8: 1726.75 | D8: 1684.65 | E8: 1718.45 | F8: 1496.7227 | G8: 4672222
A9: 44461 | B9: 1717 | C9: 1738.9 | D9: 1713.05 | E9: 1716.9 | F9: 1495.3727 | G9: 4553892
A10: 44462 | B10: 1732 | C10: 1745 | D10: 1721.1 | E10: 1742.55 | F10: 1517.7131 | G10: 3826090
A11: 44463 | B11: 1758 | C11: 1788 | D11: 1752.45 | E11: 1763.85 | F11: 1536.2648 | G11: 8280446
A12: 44466 | B12: 1768.75 | C12: 1769 | D12: 1718.1 | E12: 1721.15 | F12: 1499.0742 | G12: 5045337
A13: 44467 | B13: 1710 | C13: 1710 | D13: 1675 | E13: 1687.1 | F13: 1469.4178 | G13: 6557197
... A1242: 46276 | B1242: 1032 | C1242: 1047.3 | D1242: 1029.7 | E1242: 1037.7 | F1242: 1037.7 | G1242: 6164796

Sheet Sheet2

Sheet Mean_Rev
B2: Regression Beta - 5 Daily Monthly
B3: Wipro Ltd | F3: Nifty50 Return
B5: Date | C5: Close Price | D5: Return | F5: Date | G5: Close Price | H5: Return
B6: 44452 | C6: =IFERROR(INDEX(Sheet1!F2:F1242,MATCH(Mean_Rev!B6,Sheet1!A2:A1242,0)),0) -> 1473.5985 | F6: =B6 -> 44452 | G6: =IFERROR(INDEX([1]Sheet1!$F$2:$F$1238,MATCH(F6,[1]Sheet1!$A$2:$A$1238,0)),0) -> 17355.301
B7: 44453 | C7: =IFERROR(INDEX(Sheet1!F3:F1243,MATCH(Mean_Rev!B7,Sheet1!A3:A1243,0)),0) -> 1468.5902 | D7: =LN(C7/C6) -> -0.0034044761 | F7: =B7 -> 44453 | G7: =IFERROR(INDEX([1]Sheet1!$F$2:$F$1238,MATCH(F7,[1]Sheet1!$A$2:$A$1238,0)),0) -> 17380 | H7: =LN(G7/G6) -> 0.0014221396 | J7: Beta Drafting | N7: SUMMARY OUTPUT
B8: 44454 | C8: =IFERROR(INDEX(Sheet1!F4:F1244,MATCH(Mean_Rev!B8,Sheet1!A4:A1244,0)),0) -> 1490.6259 | D8: =LN(C8/C7) -> 0.014893169 | F8: =B8 -> 44454 | G8: =IFERROR(INDEX([1]Sheet1!$F$2:$F$1238,MATCH(F8,[1]Sheet1!$A$2:$A$1238,0)),0) -> 17519.449 | H8: =LN(G8/G7) -> 0.0079915279
B9: 44455 | C9: =IFERROR(INDEX(Sheet1!F5:F1245,MATCH(Mean_Rev!B9,Sheet1!A5:A1245,0)),0) -> 1482.613 | D9: =LN(C9/C8) -> -0.0053899717 | F9: =B9 -> 44455 | G9: =IFERROR(INDEX([1]Sheet1!$F$2:$F$1238,MATCH(F9,[1]Sheet1!$A$2:$A$1238,0)),0) -> 17629.5 | H9: =LN(G9/G8) -> 0.0062619875 | N9: Regression Statistics
B10: 44456 | C10: =IFERROR(INDEX(Sheet1!F6:F1246,MATCH(Mean_Rev!B10,Sheet1!A6:A1246,0)),0) -> 1473.0758 | D10: =LN(C10/C9) -> -0.006453497 | F10: =B10 -> 44456 | G10: =IFERROR(INDEX([1]Sheet1!$F$2:$F$1238,MATCH(F10,[1]Sheet1!$A$2:$A$1238,0)),0) -> 17585.15 | H10: =LN(G10/G9) -> -0.0025188172 | J10: Levered Raw Beta | K10: =O24 -> 0.98178528 | N10: Multiple R | O10: 0.52112907
B11: 44459 | C11: =IFERROR(INDEX(Sheet1!F7:F1247,MATCH(Mean_Rev!B11,Sheet1!A7:A1247,0)),0) -> 1470.0709 | D11: =LN(C11/C10) -> -0.0020419531 | F11: =B11 -> 44459 | G11: =IFERROR(INDEX([1]Sheet1!$F$2:$F$1238,MATCH(F11,[1]Sheet1!$A$2:$A$1238,0)),0) -> 17396.9 | H11: =LN(G11/G10) -> -0.010762766 | J11: Raw Beta Weight | K11: 0.65 | N11: R Square | O11: 0.27157551
B12: 44460 | C12: =IFERROR(INDEX(Sheet1!F8:F1248,MATCH(Mean_Rev!B12,Sheet1!A8:A1248,0)),0) -> 1496.7227 | D12: =LN(C12/C11) -> 0.017967175 | F12: =B12 -> 44460 | G12: =IFERROR(INDEX([1]Sheet1!$F$2:$F$1238,MATCH(F12,[1]Sheet1!$A$2:$A$1238,0)),0) -> 17562 | H12: =LN(G12/G11) -> 0.0094454251 | N12: Adjusted R Square | O12: 0.27098522
B13: 44461 | C13: =IFERROR(INDEX(Sheet1!F9:F1249,MATCH(Mean_Rev!B13,Sheet1!A9:A1249,0)),0) -> 1495.3727 | D13: =LN(C13/C12) -> -0.00090236141 | F13: =B13 -> 44461 | G13: =IFERROR(INDEX([1]Sheet1!$F$2:$F$1238,MATCH(F13,[1]Sheet1!$A$2:$A$1238,0)),0) -> 17546.65 | H13: =LN(G13/G12) -> -0.00087440618 | J13: Market Beta | K13: 1 | N13: Standard Error | O13: 0.014012706
B14: 44462 | C14: =IFERROR(INDEX(Sheet1!F10:F1250,MATCH(Mean_Rev!B14,Sheet1!A10:A1250,0)),0) -> 1517.7131 | D14: =LN(C14/C13) -> 0.014829225 | F14: =B14 -> 44462 | G14: =IFERROR(INDEX([1]Sheet1!$F$2:$F$1238,MATCH(F14,[1]Sheet1!$A$2:$A$1238,0)),0) -> 17822.949 | H14: =LN(G14/G13) -> 0.015623838 | J14: Market Beta Weight | K14: 0.35 | N14: Observations | O14: 1236
B15: 44463 | C15: =IFERROR(INDEX(Sheet1!F11:F1251,MATCH(Mean_Rev!B15,Sheet1!A11:A1251,0)),0) -> 1536.2648 | D15: =LN(C15/C14) -> 0.012149311 | F15: =B15 -> 44463 | G15: =IFERROR(INDEX([1]Sheet1!$F$2:$F$1238,MATCH(F15,[1]Sheet1!$A$2:$A$1238,0)),0) -> 17853.199 | H15: =LN(G15/G14) -> 0.0016958113
B16: 44466 | C16: =IFERROR(INDEX(Sheet1!F12:F1252,MATCH(Mean_Rev!B16,Sheet1!A12:A1252,0)),0) -> 1499.0742 | D16: =LN(C16/C15) -> -0.024506266 | F16: =B16 -> 44466 | G16: =IFERROR(INDEX([1]Sheet1!$F$2:$F$1238,MATCH(F16,[1]Sheet1!$A$2:$A$1238,0)),0) -> 17855.1 | H16: =LN(G16/G15) -> 0.00010643972 | J16: Adjusted Beta | K16: =(K10*K11)+(K13*K14) -> 0.98816043 | N16: ANOVA
B17: 44467 | C17: =IFERROR(INDEX(Sheet1!F13:F1253,MATCH(Mean_Rev!B17,Sheet1!A13:A1253,0)),0) -> 1469.4178 | D17: =LN(C17/C16) -> -0.01998143 | F17: =B17 -> 44467 | G17: =IFERROR(INDEX([1]Sheet1!$F$2:$F$1238,MATCH(F17,[1]Sheet1!$A$2:$A$1238,0)),0) -> 17748.6 | H17: =LN(G17/G16) -> -0.0059825423 | K17: =SLOPE(D6:D1242,H6:H1242) -> 0.98178528 | O17: df | P17: SS | Q17: MS | R17: F | S17: Significance F
B18: 44468 | C18: =IFERROR(INDEX(Sheet1!F14:F1254,MATCH(Mean_Rev!B18,Sheet1!A14:A1254,0)),0) -> 1473.9033 | D18: =LN(C18/C17) -> 0.0030479019 | F18: =B18 -> 44468 | G18: =IFERROR(INDEX([1]Sheet1!$F$2:$F$1238,MATCH(F18,[1]Sheet1!$A$2:$A$1238,0)),0) -> 17711.301 | H18: =LN(G18/G17) -> -0.0021037195 | N18: Regression | O18: 1 | P18: 0.090336911 | Q18: 0.090336911 | R18: 460.06715 | S18: 5.3650246e-87
B19: 44469 | C19: =IFERROR(INDEX(Sheet1!F15:F1255,MATCH(Mean_Rev!B19,Sheet1!A15:A1255,0)),0) -> 1459.0532 | D19: =LN(C19/C18) -> -0.010126454 | F19: =B19 -> 44469 | G19: =IFERROR(INDEX([1]Sheet1!$F$2:$F$1238,MATCH(F19,[1]Sheet1!$A$2:$A$1238,0)),0) -> 17618.15 | H19: =LN(G19/G18) -> -0.0052732552 | N19: Residual | O19: 1234 | P19: 0.24230321 | Q19: 0.00019635592
B20: 44470 | C20: =IFERROR(INDEX(Sheet1!F16:F1256,MATCH(Mean_Rev!B20,Sheet1!A16:A1256,0)),0) -> 1450.3 | D20: =LN(C20/C19) -> -0.0060172825 | F20: =B20 -> 44470 | G20: =IFERROR(INDEX([1]Sheet1!$F$2:$F$1238,MATCH(F20,[1]Sheet1!$A$2:$A$1238,0)),0) -> 17532.051 | H20: =LN(G20/G19) -> -0.0048989638 | N20: Total | O20: 1235 | P20: 0.33264012
B21: 44473 | C21: =IFERROR(INDEX(Sheet1!F17:F1257,MATCH(Mean_Rev!B21,Sheet1!A17:A1257,0)),0) -> 1462.1451 | D21: =LN(C21/C20) -> 0.0081341672 | F21: =B21 -> 44473 | G21: =IFERROR(INDEX([1]Sheet1!$F$2:$F$1238,MATCH(F21,[1]Sheet1!$A$2:$A$1238,0)),0) -> 17691.25 | H21: =LN(G21/G20) -> 0.009039488
B22: 44474 | C22: =IFERROR(INDEX(Sheet1!F18:F1258,MATCH(Mean_Rev!B22,Sheet1!A18:A1258,0)),0) -> 1474.3824 | D22: =LN(C22/C21) -> 0.0083345892 | F22: =B22 -> 44474 | G22: =IFERROR(INDEX([1]Sheet1!$F$2:$F$1238,MATCH(F22,[1]Sheet1!$A$2:$A$1238,0)),0) -> 17822.301 | H22: =LN(G22/G21) -> 0.0073803589 | O22: Coefficients | P22: Standard Error | Q22: t Stat | R22: P-value | S22: Lower 95% | T22: Upper 95% | U22: Lower 95.0% | V22: Upper 95.0%
B23: 44475 | C23: =IFERROR(INDEX(Sheet1!F19:F1259,MATCH(Mean_Rev!B23,Sheet1!A19:A1259,0)),0) -> 1457.6161 | D23: =LN(C23/C22) -> -0.011436936 | F23: =B23 -> 44475 | G23: =IFERROR(INDEX([1]Sheet1!$F$2:$F$1238,MATCH(F23,[1]Sheet1!$A$2:$A$1238,0)),0) -> 17646 | H23: =LN(G23/G22) -> -0.0099413972 | N23: Intercept | O23: -0.00052104834 | P23: 0.00039873102 | Q23: -1.3067665 | R23: 0.1915355 | S23: -0.001303314 | T23: 0.00026121736 | U23: -0.001303314 | V23: 0.00026121736
B24: 44476 | C24: =IFERROR(INDEX(Sheet1!F20:F1260,MATCH(Mean_Rev!B24,Sheet1!A20:A1260,0)),0) -> 1472.8146 | D24: =LN(C24/C23) -> 0.010372962 | F24: =B24 -> 44476 | G24: =IFERROR(INDEX([1]Sheet1!$F$2:$F$1238,MATCH(F24,[1]Sheet1!$A$2:$A$1238,0)),0) -> 17790.35 | H24: =LN(G24/G23) -> 0.0081470247 | N24: X Variable 1 | O24: 0.98178528 | P24: 0.045772634 | Q24: 21.449176 | R24: 5.3650246e-87 | S24: 0.89198448 | T24: 1.0715861 | U24: 0.89198448 | V24: 1.0715861
B25: 44477 | C25: =IFERROR(INDEX(Sheet1!F21:F1261,MATCH(Mean_Rev!B25,Sheet1!A21:A1261,0)),0) -> 1501.4259 | D25: =LN(C25/C24) -> 0.019240012 | F25: =B25 -> 44477 | G25: =IFERROR(INDEX([1]Sheet1!$F$2:$F$1238,MATCH(F25,[1]Sheet1!$A$2:$A$1238,0)),0) -> 17895.199 | H25: =LN(G25/G24) -> 0.0058763233
B26: 44480 | C26: =IFERROR(INDEX(Sheet1!F22:F1262,MATCH(Mean_Rev!B26,Sheet1!A22:A1262,0)),0) -> 1472.7709 | D26: =LN(C26/C25) -> -0.019269684 | F26: =B26 -> 44480 | G26: =IFERROR(INDEX([1]Sheet1!$F$2:$F$1238,MATCH(F26,[1]Sheet1!$A$2:$A$1238,0)),0) -> 17945.949 | H26: =LN(G26/G25) -> 0.0028319424
B27: 44481 | C27: =IFERROR(INDEX(Sheet1!F23:F1263,MATCH(Mean_Rev!B27,Sheet1!A23:A1263,0)),0) -> 1467.7194 | D27: =LN(C27/C26) -> -0.0034358343 | F27: =B27 -> 44481 | G27: =IFERROR(INDEX([1]Sheet1!$F$2:$F$1238,MATCH(F27,[1]Sheet1!$A$2:$A$1238,0)),0) -> 17991.949 | H27: =LN(G27/G26) -> 0.002559973
B28: 44482 | C28: =IFERROR(INDEX(Sheet1!F24:F1264,MATCH(Mean_Rev!B28,Sheet1!A24:A1264,0)),0) -> 1488.6661 | D28: =LN(C28/C27) -> 0.014170769 | F28: =B28 -> 44482 | G28: =IFERROR(INDEX([1]Sheet1!$F$2:$F$1238,MATCH(F28,[1]Sheet1!$A$2:$A$1238,0)),0) -> 18161.75 | H28: =LN(G28/G27) -> 0.009393342
B29: 44483 | C29: =IFERROR(INDEX(Sheet1!F25:F1265,MATCH(Mean_Rev!B29,Sheet1!A25:A1265,0)),0) -> 1494.3711 | D29: =LN(C29/C28) -> 0.0038249358 | F29: =B29 -> 44483 | G29: =IFERROR(INDEX([1]Sheet1!$F$2:$F$1238,MATCH(F29,[1]Sheet1!$A$2:$A$1238,0)),0) -> 18338.551 | H29: =LN(G29/G28) -> 0.00968771
B30: 44487 | C30: =IFERROR(INDEX(Sheet1!F26:F1266,MATCH(Mean_Rev!B30,Sheet1!A26:A1266,0)),0) -> 1560.9135 | D30: =LN(C30/C29) -> 0.043565751 | F30: =B30 -> 44487 | G30: =IFERROR(INDEX([1]Sheet1!$F$2:$F$1238,MATCH(F30,[1]Sheet1!$A$2:$A$1238,0)),0) -> 18477.051 | H30: =LN(G30/G29) -> 0.0075240196
B31: 44488 | C31: =IFERROR(INDEX(Sheet1!F27:F1267,MATCH(Mean_Rev!B31,Sheet1!A27:A1267,0)),0) -> 1587.0426 | D31: =LN(C31/C30) -> 0.01660109 | F31: =B31 -> 44488 | G31: =IFERROR(INDEX([1]Sheet1!$F$2:$F$1238,MATCH(F31,[1]Sheet1!$A$2:$A$1238,0)),0) -> 18418.75 | H31: =LN(G31/G30) -> -0.0031602962
B32: 44489 | C32: =IFERROR(INDEX(Sheet1!F28:F1268,MATCH(Mean_Rev!B32,Sheet1!A28:A1268,0)),0) -> 1569.7971 | D32: =LN(C32/C31) -> -0.010925898 | F32: =B32 -> 44489 | G32: =IFERROR(INDEX([1]Sheet1!$F$2:$F$1238,MATCH(F32,[1]Sheet1!$A$2:$A$1238,0)),0) -> 18266.6 | H32: =LN(G32/G31) -> -0.0082949332
B33: 44490 | C33: =IFERROR(INDEX(Sheet1!F29:F1269,MATCH(Mean_Rev!B33,Sheet1!A29:A1269,0)),0) -> 1527.3807 | D33: =LN(C33/C32) -> -0.027392056 | F33: =B33 -> 44490 | G33: =IFERROR(INDEX([1]Sheet1!$F$2:$F$1238,MATCH(F33,[1]Sheet1!$A$2:$A$1238,0)),0) -> 18178.1 | H33: =LN(G33/G32) -> -0.0048566829
B34: 44491 | C34: =IFERROR(INDEX(Sheet1!F30:F1270,MATCH(Mean_Rev!B34,Sheet1!A30:A1270,0)),0) -> 1497.8987 | D34: =LN(C34/C33) -> -0.019491085 | F34: =B34 -> 44491 | G34: =IFERROR(INDEX([1]Sheet1!$F$2:$F$1238,MATCH(F34,[1]Sheet1!$A$2:$A$1238,0)),0) -> 18114.9 | H34: =LN(G34/G33) -> -0.0034827257
B35: 44494 | C35: =IFERROR(INDEX(Sheet1!F31:F1271,MATCH(Mean_Rev!B35,Sheet1!A31:A1271,0)),0) -> 1487.2291 | D35: =LN(C35/C34) -> -0.0071485054 | F35: =B35 -> 44494 | G35: =IFERROR(INDEX([1]Sheet1!$F$2:$F$1238,MATCH(F35,[1]Sheet1!$A$2:$A$1238,0)),0) -> 18125.4 | H35: =LN(G35/G34) -> 0.00057946541
B36: 44495 | C36: =IFERROR(INDEX(Sheet1!F32:F1272,MATCH(Mean_Rev!B36,Sheet1!A32:A1272,0)),0) -> 1497.0267 | D36: =LN(C36/C35) -> 0.0065662216 | F36: =B36 -> 44495 | G36: =IFERROR(INDEX([1]Sheet1!$F$2:$F$1238,MATCH(F36,[1]Sheet1!$A$2:$A$1238,0)),0) -> 18268.4 | H36: =LN(G36/G35) -> 0.0078585217
... B1080: 46036 | C1080: =IFERROR(INDEX(Sheet1!F1076:F2316,MATCH(Mean_Rev!B1080,Sheet1!A1076:A2316,0)),0) -> 1565.9146 | D1080: =LN(C1080/C1079) -> 0.00050020413 | F1080: =B1080 -> 46036 | G1080: =IFERROR(INDEX([1]Sheet1!$F$2:$F$1238,MATCH(F1080,[1]Sheet1!$A$2:$A$1238,0)),0) -> 25665.6 | H1080: =LN(G1080/G1079) -> -0.0025954838
B1081: 46038 | C1081: =IFERROR(INDEX(Sheet1!F1078:F2318,MATCH(Mean_Rev!B1081,Sheet1!A1078:A2318,0)),0) -> 1654.0083 | D1081: =LN(C1081/C1080) -> 0.054731584 | F1081: =B1081 -> 46038 | G1081: =IFERROR(INDEX([1]Sheet1!$F$2:$F$1238,MATCH(F1081,[1]Sheet1!$A$2:$A$1238,0)),0) -> 25694.35 | H1081: =LN(G1081/G1080) -> 0.0011195495
B1082: 46041 | C1082: =IFERROR(INDEX(Sheet1!F1079:F2319,MATCH(Mean_Rev!B1082,Sheet1!A1079:A2319,0)),0) -> 1645.5903 | D1082: =LN(C1082/C1081) -> -0.0051024309 | F1082: =B1082 -> 46041 | G1082: =IFERROR(INDEX([1]Sheet1!$F$2:$F$1238,MATCH(F1082,[1]Sheet1!$A$2:$A$1238,0)),0) -> 25585.5 | H1082: =LN(G1082/G1081) -> -0.0042453234
B1083: 46042 | C1083: =IFERROR(INDEX(Sheet1!F1080:F2320,MATCH(Mean_Rev!B1083,Sheet1!A1080:A2320,0)),0) -> 1623.7628 | D1083: =LN(C1083/C1082) -> -0.013353002 | F1083: =B1083 -> 46042 | G1083: =IFERROR(INDEX([1]Sheet1!$F$2:$F$1238,MATCH(F1083,[1]Sheet1!$A$2:$A$1238,0)),0) -> 25232.5 | H1083: =LN(G1083/G1082) -> -0.013892939
B1084: 46043 | C1084: =IFERROR(INDEX(Sheet1!F1081:F2321,MATCH(Mean_Rev!B1084,Sheet1!A1081:A2321,0)),0) -> 1619.3582 | D1084: =LN(C1084/C1083) -> -0.002716313 | F1084: =B1084 -> 46043 | G1084: =IFERROR(INDEX([1]Sheet1!$F$2:$F$1238,MATCH(F1084,[1]Sheet1!$A$2:$A$1238,0)),0) -> 25157.5 | H1084: =LN(G1084/G1083) -> -0.0029767833
B1085: 46044 | C1085: =IFERROR(INDEX(Sheet1!F1082:F2322,MATCH(Mean_Rev!B1085,Sheet1!A1082:A2322,0)),0) -> 1628.2654 | D1085: =LN(C1085/C1084) -> 0.005485395 | F1085: =B1085 -> 46044 | G1085: =IFERROR(INDEX([1]Sheet1!$F$2:$F$1238,MATCH(F1085,[1]Sheet1!$A$2:$A$1238,0)),0) -> 25289.9 | H1085: =LN(G1085/G1084) -> 0.0052490592
B1086: 46045 | C1086: =IFERROR(INDEX(Sheet1!F1083:F2323,MATCH(Mean_Rev!B1086,Sheet1!A1083:A2323,0)),0) -> 1635.4108 | D1086: =LN(C1086/C1085) -> 0.0043787415 | F1086: =B1086 -> 46045 | G1086: =IFERROR(INDEX([1]Sheet1!$F$2:$F$1238,MATCH(F1086,[1]Sheet1!$A$2:$A$1238,0)),0) -> 25048.65 | H1086: =LN(G1086/G1085) -> -0.0095851725
B1087: 46049 | C1087: =IFERROR(INDEX(Sheet1!F1084:F2324,MATCH(Mean_Rev!B1087,Sheet1!A1084:A2324,0)),0) -> 1647.0586 | D1087: =LN(C1087/C1086) -> 0.0070970204 | F1087: =B1087 -> 46049 | G1087: =IFERROR(INDEX([1]Sheet1!$F$2:$F$1238,MATCH(F1087,[1]Sheet1!$A$2:$A$1238,0)),0) -> 25175.4 | H1087: =LN(G1087/G1086) -> 0.0050473933
B1088: 46050 | C1088: =IFERROR(INDEX(Sheet1!F1085:F2325,MATCH(Mean_Rev!B1088,Sheet1!A1085:A2325,0)),0) -> 1631.2018 | D1088: =LN(C1088/C1087) -> -0.0096739937 | F1088: =B1088 -> 46050 | G1088: =IFERROR(INDEX([1]Sheet1!$F$2:$F$1238,MATCH(F1088,[1]Sheet1!$A$2:$A$1238,0)),0) -> 25342.75 | H1088: =LN(G1088/G1087) -> 0.0066253503
B1089: 46051 | C1089: =IFERROR(INDEX(Sheet1!F1086:F2326,MATCH(Mean_Rev!B1089,Sheet1!A1086:A2326,0)),0) -> 1624.3501 | D1089: =LN(C1089/C1088) -> -0.004209237 | F1089: =B1089 -> 46051 | G1089: =IFERROR(INDEX([1]Sheet1!$F$2:$F$1238,MATCH(F1089,[1]Sheet1!$A$2:$A$1238,0)),0) -> 25418.9 | H1089: =LN(G1089/G1088) -> 0.0030003141
B1090: 46052 | C1090: =IFERROR(INDEX(Sheet1!F1087:F2327,MATCH(Mean_Rev!B1090,Sheet1!A1087:A2327,0)),0) -> 1606.2419 | D1090: =LN(C1090/C1089) -> -0.011210542 | F1090: =B1090 -> 46052 | G1090: =IFERROR(INDEX([1]Sheet1!$F$2:$F$1238,MATCH(F1090,[1]Sheet1!$A$2:$A$1238,0)),0) -> 25320.65 | H1090: =LN(G1090/G1089) -> -0.0038727234
B1091: 46055 | C1091: =IFERROR(INDEX(Sheet1!F1088:F2328,MATCH(Mean_Rev!B1091,Sheet1!A1088:A2328,0)),0) -> 1594.8876 | D1091: =LN(C1091/C1090) -> -0.0070940071 | F1091: =B1091 -> 46055 | G1091: =IFERROR(INDEX([1]Sheet1!$F$2:$F$1238,MATCH(F1091,[1]Sheet1!$A$2:$A$1238,0)),0) -> 25088.4 | H1091: =LN(G1091/G1090) -> -0.0092146803
B1092: 46056 | C1092: =IFERROR(INDEX(Sheet1!F1089:F2329,MATCH(Mean_Rev!B1092,Sheet1!A1089:A2329,0)),0) -> 1620.9242 | D1092: =LN(C1092/C1091) -> 0.01619323 | F1092: =B1092 -> 46056 | G1092: =IFERROR(INDEX([1]Sheet1!$F$2:$F$1238,MATCH(F1092,[1]Sheet1!$A$2:$A$1238,0)),0) -> 25727.551 | H1092: =LN(G1092/G1091) -> 0.025156829
... B1149: 46142 | C1149: =IFERROR(INDEX(Sheet1!F1146:F2386,MATCH(Mean_Rev!B1149,Sheet1!A1146:A2386,0)),0) -> 1156.7683 | D1149: =LN(C1149/C1148) -> 0.01217406 | F1149: =B1149 -> 46142 | G1149: =IFERROR(INDEX([1]Sheet1!$F$2:$F$1238,MATCH(F1149,[1]Sheet1!$A$2:$A$1238,0)),0) -> 23997.551 | H1149: =LN(G1149/G1148) -> -0.0074768945
B1150: 46146 | C1150: =IFERROR(INDEX(Sheet1!F1148:F2388,MATCH(Mean_Rev!B1150,Sheet1!A1148:A2388,0)),0) -> 1143.6521 | D1150: =LN(C1150/C1149) -> -0.01140344 | F1150: =B1150 -> 46146 | G1150: =IFERROR(INDEX([1]Sheet1!$F$2:$F$1238,MATCH(F1150,[1]Sheet1!$A$2:$A$1238,0)),0) -> 24119.301 | H1150: =LN(G1150/G1149) -> 0.0050606079
B1151: 46147 | C1151: =IFERROR(INDEX(Sheet1!F1149:F2389,MATCH(Mean_Rev!B1151,Sheet1!A1149:A2389,0)),0) -> 1153.1466 | D1151: =LN(C1151/C1150) -> 0.0082676474 | F1151: =B1151 -> 46147 | G1151: =IFERROR(INDEX([1]Sheet1!$F$2:$F$1238,MATCH(F1151,[1]Sheet1!$A$2:$A$1238,0)),0) -> 24032.801 | H1151: =LN(G1151/G1150) -> -0.0035927858
B1152: 46148 | C1152: =IFERROR(INDEX(Sheet1!F1150:F2390,MATCH(Mean_Rev!B1152,Sheet1!A1150:A2390,0)),0) -> 1142.4774 | D1152: =LN(C1152/C1151) -> -0.0092953081 | F1152: =B1152 -> 46148 | G1152: =IFERROR(INDEX([1]Sheet1!$F$2:$F$1238,MATCH(F1152,[1]Sheet1!$A$2:$A$1238,0)),0) -> 24330.949 | H1152: =LN(G1152/G1151) -> 0.012329574
B1153: 46149 | C1153: =IFERROR(INDEX(Sheet1!F1151:F2391,MATCH(Mean_Rev!B1153,Sheet1!A1151:A2391,0)),0) -> 1138.0728 | D1153: =LN(C1153/C1152) -> -0.0038628122 | F1153: =B1153 -> 46149 | G1153: =IFERROR(INDEX([1]Sheet1!$F$2:$F$1238,MATCH(F1153,[1]Sheet1!$A$2:$A$1238,0)),0) -> 24326.65 | H1153: =LN(G1153/G1152) -> -0.00017669709
B1154: 46150 | C1154: =IFERROR(INDEX(Sheet1!F1152:F2392,MATCH(Mean_Rev!B1154,Sheet1!A1152:A2392,0)),0) -> 1154.2233 | D1154: =LN(C1154/C1153) -> 0.014091356 | F1154: =B1154 -> 46150 | G1154: =IFERROR(INDEX([1]Sheet1!$F$2:$F$1238,MATCH(F1154,[1]Sheet1!$A$2:$A$1238,0)),0) -> 24176.15 | H1154: =LN(G1154/G1153) -> -0.0062058471
B1155: 46153 | C1155: =IFERROR(INDEX(Sheet1!F1153:F2393,MATCH(Mean_Rev!B1155,Sheet1!A1153:A2393,0)),0) -> 1152.0699 | D1155: =LN(C1155/C1154) -> -0.0018673436 | F1155: =B1155 -> 46153 | G1155: =IFERROR(INDEX([1]Sheet1!$F$2:$F$1238,MATCH(F1155,[1]Sheet1!$A$2:$A$1238,0)),0) -> 23815.85 | H1155: =LN(G1155/G1154) -> -0.015015317
B1156: 46154 | C1156: =IFERROR(INDEX(Sheet1!F1154:F2394,MATCH(Mean_Rev!B1156,Sheet1!A1154:A2394,0)),0) -> 1116.1473 | D1156: =LN(C1156/C1155) -> -0.031677398 | F1156: =B1156 -> 46154 | G1156: =IFERROR(INDEX([1]Sheet1!$F$2:$F$1238,MATCH(F1156,[1]Sheet1!$A$2:$A$1238,0)),0) -> 23379.551 | H1156: =LN(G1156/G1155) -> -0.018489567
B1157: 46155 | C1157: =IFERROR(INDEX(Sheet1!F1155:F2395,MATCH(Mean_Rev!B1157,Sheet1!A1155:A2395,0)),0) -> 1099.3115 | D1157: =LN(C1157/C1156) -> -0.015198783 | F1157: =B1157 -> 46155 | G1157: =IFERROR(INDEX([1]Sheet1!$F$2:$F$1238,MATCH(F1157,[1]Sheet1!$A$2:$A$1238,0)),0) -> 23412.6 | H1157: =LN(G1157/G1156) -> 0.0014125802
B1158: 46156 | C1158: =IFERROR(INDEX(Sheet1!F1156:F2396,MATCH(Mean_Rev!B1158,Sheet1!A1156:A2396,0)),0) -> 1071.8068 | D1158: =LN(C1158/C1157) -> -0.025338308 | F1158: =B1158 -> 46156 | G1158: =IFERROR(INDEX([1]Sheet1!$F$2:$F$1238,MATCH(F1158,[1]Sheet1!$A$2:$A$1238,0)),0) -> 23689.6 | H1158: =LN(G1158/G1157) -> 0.011761794
B1159: 46157 | C1159: =IFERROR(INDEX(Sheet1!F1157:F2397,MATCH(Mean_Rev!B1159,Sheet1!A1157:A2397,0)),0) -> 1095.2985 | D1159: =LN(C1159/C1158) -> 0.021681106 | F1159: =B1159 -> 46157 | G1159: =IFERROR(INDEX([1]Sheet1!$F$2:$F$1238,MATCH(F1159,[1]Sheet1!$A$2:$A$1238,0)),0) -> 23643.5 | H1159: =LN(G1159/G1158) -> -0.0019478811
B1160: 46160 | C1160: =IFERROR(INDEX(Sheet1!F1158:F2398,MATCH(Mean_Rev!B1160,Sheet1!A1158:A2398,0)),0) -> 1118.3007 | D1160: =LN(C1160/C1159) -> 0.02078337 | F1160: =B1160 -> 46160 | G1160: =IFERROR(INDEX([1]Sheet1!$F$2:$F$1238,MATCH(F1160,[1]Sheet1!$A$2:$A$1238,0)),0) -> 23649.949 | H1160: =LN(G1160/G1159) -> 0.00027273201
B1161: 46161 | C1161: =IFERROR(INDEX(Sheet1!F1159:F2399,MATCH(Mean_Rev!B1161,Sheet1!A1159:A2399,0)),0) -> 1171.5485 | D1161: =LN(C1161/C1160) -> 0.046516081 | F1161: =B1161 -> 46161 | G1161: =IFERROR(INDEX([1]Sheet1!$F$2:$F$1238,MATCH(F1161,[1]Sheet1!$A$2:$A$1238,0)),0) -> 23618 | H1161: =LN(G1161/G1160) -> -0.0013518346
... B1167: 46169 | C1167: =IFERROR(INDEX(Sheet1!F1165:F2405,MATCH(Mean_Rev!B1167,Sheet1!A1165:A2405,0)),0) -> 1135.3322 | D1167: =LN(C1167/C1166) -> -0.0067020811 | F1167: =B1167 -> 46169 | G1167: =IFERROR(INDEX([1]Sheet1!$F$2:$F$1238,MATCH(F1167,[1]Sheet1!$A$2:$A$1238,0)),0) -> 23907.15 | H1167: =LN(G1167/G1166) -> -0.00027389008
B1168: 46171 | C1168: =IFERROR(INDEX(Sheet1!F1167:F2407,MATCH(Mean_Rev!B1168,Sheet1!A1167:A2407,0)),0) -> 1136.3109 | D1168: =LN(C1168/C1167) -> 0.00086171973 | F1168: =B1168 -> 46171 | G1168: =IFERROR(INDEX([1]Sheet1!$F$2:$F$1238,MATCH(F1168,[1]Sheet1!$A$2:$A$1238,0)),0) -> 23547.75 | H1168: =LN(G1168/G1167) -> -0.015147319
B1169: 46174 | C1169: =IFERROR(INDEX(Sheet1!F1168:F2408,MATCH(Mean_Rev!B1169,Sheet1!A1168:A2408,0)),0) -> 1177.0298 | D1169: =LN(C1169/C1168) -> 0.03520716 | F1169: =B1169 -> 46174 | G1169: =IFERROR(INDEX([1]Sheet1!$F$2:$F$1238,MATCH(F1169,[1]Sheet1!$A$2:$A$1238,0)),0) -> 23382.6 | H1169: =LN(G1169/G1168) -> -0.0070381352
B1170: 46175 | C1170: =IFERROR(INDEX(Sheet1!F1169:F2409,MATCH(Mean_Rev!B1170,Sheet1!A1169:A2409,0)),0) -> 1243.8832 | D1170: =LN(C1170/C1169) -> 0.055243948 | F1170: =B1170 -> 46175 | G1170: =IFERROR(INDEX([1]Sheet1!$F$2:$F$1238,MATCH(F1170,[1]Sheet1!$A$2:$A$1238,0)),0) -> 23483.551 | H1170: =LN(G1170/G1169) -> 0.00430807
B1171: 46176 | C1171: =IFERROR(INDEX(Sheet1!F1170:F2410,MATCH(Mean_Rev!B1171,Sheet1!A1170:A2410,0)),0) -> 1196.704 | D1171: =LN(C1171/C1170) -> -0.038666988 | F1171: =B1171 -> 46176 | G1171: =IFERROR(INDEX([1]Sheet1!$F$2:$F$1238,MATCH(F1171,[1]Sheet1!$A$2:$A$1238,0)),0) -> 23405.6 | H1171: =LN(G1171/G1170) -> -0.003324916
B1172: 46177 | C1172: =IFERROR(INDEX(Sheet1!F1171:F2411,MATCH(Mean_Rev!B1172,Sheet1!A1171:A2411,0)),0) -> 1175.8552 | D1172: =LN(C1172/C1171) -> -0.01757536 | F1172: =B1172 -> 46177 | G1172: =IFERROR(INDEX([1]Sheet1!$F$2:$F$1238,MATCH(F1172,[1]Sheet1!$A$2:$A$1238,0)),0) -> 23416.551 | H1172: =LN(G1172/G1171) -> 0.00046777741
B1173: 46178 | C1173: =IFERROR(INDEX(Sheet1!F1172:F2412,MATCH(Mean_Rev!B1173,Sheet1!A1172:A2412,0)),0) -> 1172.1357 | D1173: =LN(C1173/C1172) -> -0.0031682281 | F1173: =B1173 -> 46178 | G1173: =IFERROR(INDEX([1]Sheet1!$F$2:$F$1238,MATCH(F1173,[1]Sheet1!$A$2:$A$1238,0)),0) -> 23366.699 | H1173: =LN(G1173/G1172) -> -0.0021311722
B1174: 46181 | C1174: =IFERROR(INDEX(Sheet1!F1173:F2413,MATCH(Mean_Rev!B1174,Sheet1!A1173:A2413,0)),0) -> 1162.4453 | D1174: =LN(C1174/C1173) -> -0.0083016911 | F1174: =B1174 -> 46181 | G1174: =IFERROR(INDEX([1]Sheet1!$F$2:$F$1238,MATCH(F1174,[1]Sheet1!$A$2:$A$1238,0)),0) -> 23123 | H1174: =LN(G1174/G1173) -> -0.010484105
B1175: 46182 | C1175: =IFERROR(INDEX(Sheet1!F1174:F2414,MATCH(Mean_Rev!B1175,Sheet1!A1174:A2414,0)),0) -> 1155.3 | D1175: =LN(C1175/C1174) -> -0.0061657216 | F1175: =B1175 -> 46182 | G1175: =IFERROR(INDEX([1]Sheet1!$F$2:$F$1238,MATCH(F1175,[1]Sheet1!$A$2:$A$1238,0)),0) -> 23242.1 | H1175: =LN(G1175/G1174) -> 0.0051374794
B1176: 46183 | C1176: =IFERROR(INDEX(Sheet1!F1175:F2415,MATCH(Mean_Rev!B1176,Sheet1!A1175:A2415,0)),0) -> 1145.3 | D1176: =LN(C1176/C1175) -> -0.0086934387 | F1176: =B1176 -> 46183 | G1176: =IFERROR(INDEX([1]Sheet1!$F$2:$F$1238,MATCH(F1176,[1]Sheet1!$A$2:$A$1238,0)),0) -> 23214.949 | H1176: =LN(G1176/G1175) -> -0.0011688385
B1177: 46184 | C1177: =IFERROR(INDEX(Sheet1!F1176:F2416,MATCH(Mean_Rev!B1177,Sheet1!A1176:A2416,0)),0) -> 1114.6 | D1177: =LN(C1177/C1176) -> -0.02717108 | F1177: =B1177 -> 46184 | G1177: =IFERROR(INDEX([1]Sheet1!$F$2:$F$1238,MATCH(F1177,[1]Sheet1!$A$2:$A$1238,0)),0) -> 23161.6 | H1177: =LN(G1177/G1176) -> -0.002300716
B1178: 46185 | C1178: =IFERROR(INDEX(Sheet1!F1177:F2417,MATCH(Mean_Rev!B1178,Sheet1!A1177:A2417,0)),0) -> 1116.4 | D1178: =LN(C1178/C1177) -> 0.0016136703 | F1178: =B1178 -> 46185 | G1178: =IFERROR(INDEX([1]Sheet1!$F$2:$F$1238,MATCH(F1178,[1]Sheet1!$A$2:$A$1238,0)),0) -> 23622.9 | H1178: =LN(G1178/G1177) -> 0.019720879
B1179: 46188 | C1179: =IFERROR(INDEX(Sheet1!F1178:F2418,MATCH(Mean_Rev!B1179,Sheet1!A1178:A2418,0)),0) -> 1134.9 | D1179: =LN(C1179/C1178) -> 0.016435318 | F1179: =B1179 -> 46188 | G1179: =IFERROR(INDEX([1]Sheet1!$F$2:$F$1238,MATCH(F1179,[1]Sheet1!$A$2:$A$1238,0)),0) -> 23853.9 | H1179: =LN(G1179/G1178) -> 0.0097311453
... B1187: 46198 | C1187: =IFERROR(INDEX(Sheet1!F1186:F2426,MATCH(Mean_Rev!B1187,Sheet1!A1186:A2426,0)),0) -> 1041.2 | D1187: =LN(C1187/C1186) -> -0.014682335 | F1187: =B1187 -> 46198 | G1187: =IFERROR(INDEX([1]Sheet1!$F$2:$F$1238,MATCH(F1187,[1]Sheet1!$A$2:$A$1238,0)),0) -> 24056 | H1187: =LN(G1187/G1186) -> 0.0014289224
B1188: 46202 | C1188: =IFERROR(INDEX(Sheet1!F1188:F2428,MATCH(Mean_Rev!B1188,Sheet1!A1188:A2428,0)),0) -> 1036.7 | D1188: =LN(C1188/C1187) -> -0.004331303 | F1188: =B1188 -> 46202 | G1188: =IFERROR(INDEX([1]Sheet1!$F$2:$F$1238,MATCH(F1188,[1]Sheet1!$A$2:$A$1238,0)),0) -> 23946.25 | H1188: =LN(G1188/G1187) -> -0.0045727103
B1189: 46203 | C1189: =IFERROR(INDEX(Sheet1!F1189:F2429,MATCH(Mean_Rev!B1189,Sheet1!A1189:A2429,0)),0) -> 1000.4 | D1189: =LN(C1189/C1188) -> -0.0356426 | F1189: =B1189 -> 46203 | G1189: =IFERROR(INDEX([1]Sheet1!$F$2:$F$1238,MATCH(F1189,[1]Sheet1!$A$2:$A$1238,0)),0) -> 23865.75 | H1189: =LN(G1189/G1188) -> -0.0033673587
B1190: 46204 | C1190: =IFERROR(INDEX(Sheet1!F1190:F2430,MATCH(Mean_Rev!B1190,Sheet1!A1190:A2430,0)),0) -> 985.29999 | D1190: =LN(C1190/C1189) -> -0.015209072 | F1190: =B1190 -> 46204 | G1190: =IFERROR(INDEX([1]Sheet1!$F$2:$F$1238,MATCH(F1190,[1]Sheet1!$A$2:$A$1238,0)),0) -> 24005.85 | H1190: =LN(G1190/G1189) -> 0.0058531576
B1191: 46205 | C1191: =IFERROR(INDEX(Sheet1!F1191:F2431,MATCH(Mean_Rev!B1191,Sheet1!A1191:A2431,0)),0) -> 1040.9 | D1191: =LN(C1191/C1190) -> 0.054894875 | F1191: =B1191 -> 46205 | G1191: =IFERROR(INDEX([1]Sheet1!$F$2:$F$1238,MATCH(F1191,[1]Sheet1!$A$2:$A$1238,0)),0) -> 24175.699 | H1191: =LN(G1191/G1190) -> 0.0070504298
B1192: 46206 | C1192: =IFERROR(INDEX(Sheet1!F1192:F2432,MATCH(Mean_Rev!B1192,Sheet1!A1192:A2432,0)),0) -> 1047.2 | D1192: =LN(C1192/C1191) -> 0.006034142 | F1192: =B1192 -> 46206 | G1192: =IFERROR(INDEX([1]Sheet1!$F$2:$F$1238,MATCH(F1192,[1]Sheet1!$A$2:$A$1238,0)),0) -> 24270.85 | H1192: =LN(G1192/G1191) -> 0.0039280616
B1193: 46209 | C1193: =IFERROR(INDEX(Sheet1!F1193:F2433,MATCH(Mean_Rev!B1193,Sheet1!A1193:A2433,0)),0) -> 1042.2 | D1193: =LN(C1193/C1192) -> -0.0047860723 | F1193: =B1193 -> 46209 | G1193: =IFERROR(INDEX([1]Sheet1!$F$2:$F$1238,MATCH(F1193,[1]Sheet1!$A$2:$A$1238,0)),0) -> 24430.35 | H1193: =LN(G1193/G1192) -> 0.0065501701
B1194: 46210 | C1194: =IFERROR(INDEX(Sheet1!F1194:F2434,MATCH(Mean_Rev!B1194,Sheet1!A1194:A2434,0)),0) -> 1071.8 | D1194: =LN(C1194/C1193) -> 0.028005707 | F1194: =B1194 -> 46210 | G1194: =IFERROR(INDEX([1]Sheet1!$F$2:$F$1238,MATCH(F1194,[1]Sheet1!$A$2:$A$1238,0)),0) -> 24398.699 | H1194: =LN(G1194/G1193) -> -0.0012963757
B1195: 46211 | C1195: =IFERROR(INDEX(Sheet1!F1195:F2435,MATCH(Mean_Rev!B1195,Sheet1!A1195:A2435,0)),0) -> 1069.3 | D1195: =LN(C1195/C1194) -> -0.0023352492 | F1195: =B1195 -> 46211 | G1195: =IFERROR(INDEX([1]Sheet1!$F$2:$F$1238,MATCH(F1195,[1]Sheet1!$A$2:$A$1238,0)),0) -> 23882.051 | H1195: =LN(G1195/G1194) -> -0.021402657
B1196: 46212 | C1196: =IFERROR(INDEX(Sheet1!F1196:F2436,MATCH(Mean_Rev!B1196,Sheet1!A1196:A2436,0)),0) -> 1050.8 | D1196: =LN(C1196/C1195) -> -0.017452449 | F1196: =B1196 -> 46212 | G1196: =IFERROR(INDEX([1]Sheet1!$F$2:$F$1238,MATCH(F1196,[1]Sheet1!$A$2:$A$1238,0)),0) -> 23962.801 | H1196: =LN(G1196/G1195) -> 0.003375497
B1197: 46213 | C1197: =IFERROR(INDEX(Sheet1!F1197:F2437,MATCH(Mean_Rev!B1197,Sheet1!A1197:A2437,0)),0) -> 1068 | D1197: =LN(C1197/C1196) -> 0.016235915 | F1197: =B1197 -> 46213 | G1197: =IFERROR(INDEX([1]Sheet1!$F$2:$F$1238,MATCH(F1197,[1]Sheet1!$A$2:$A$1238,0)),0) -> 24206.9 | H1197: =LN(G1197/G1196) -> 0.010135072
B1198: 46216 | C1198: =IFERROR(INDEX(Sheet1!F1198:F2438,MATCH(Mean_Rev!B1198,Sheet1!A1198:A2438,0)),0) -> 1102.6 | D1198: =LN(C1198/C1197) -> 0.031883264 | F1198: =B1198 -> 46216 | G1198: =IFERROR(INDEX([1]Sheet1!$F$2:$F$1238,MATCH(F1198,[1]Sheet1!$A$2:$A$1238,0)),0) -> 24211 | H1198: =LN(G1198/G1197) -> 0.00016934272
B1199: 46217 | C1199: =IFERROR(INDEX(Sheet1!F1199:F2439,MATCH(Mean_Rev!B1199,Sheet1!A1199:A2439,0)),0) -> 1092.9 | D1199: =LN(C1199/C1198) -> -0.008836269 | F1199: =B1199 -> 46217 | G1199: =IFERROR(INDEX([1]Sheet1!$F$2:$F$1238,MATCH(F1199,[1]Sheet1!$A$2:$A$1238,0)),0) -> 24052.051 | H1199: =LN(G1199/G1198) -> -0.0065868109
... B1242: 46276 | C1242: =IFERROR(INDEX(Sheet1!F1242:F2482,MATCH(Mean_Rev!B1242,Sheet1!A1242:A2482,0)),0) -> 1037.7 | D1242: =LN(C1242/C1241) -> 0.0011570257 | F1242: =B1242 -> 46276 | G1242: =IFERROR(INDEX([1]Sheet1!$F$2:$F$1238,MATCH(F1242,[1]Sheet1!$A$2:$A$1238,0)),0) -> 23398.1 | H1242: =LN(G1242/G1241) -> -0.0034005213
