Workbook

Sheet Sheet1
A1: Date | B1: Open | C1: High | D1: Low | E1: Close | F1: Adj Close | G1: Volume
A2: 44452 | B2: 3767 | C2: 3852.3999 | D2: 3767 | E2: 3845.3501 | F2: 3340.45 | G2: 1691473
A3: 44453 | B3: 3849.95 | C3: 3896.5 | D3: 3825 | E3: 3885.8999 | F3: 3375.6748 | G3: 1991188
A4: 44454 | B4: 3882.1001 | C4: 3980 | D4: 3866 | E4: 3954.55 | F4: 3435.312 | G4: 2461369
A5: 44455 | B5: 3930 | C5: 3981.75 | D5: 3892.1001 | E5: 3903.3 | F5: 3390.7905 | G5: 2946666
A6: 44456 | B6: 3920 | C6: 3945 | D6: 3805 | E6: 3827.8501 | F6: 3325.2478 | G6: 6477148
A7: 44459 | B7: 3809 | C7: 3871 | D7: 3807.8501 | E7: 3823.5 | F7: 3321.4688 | G7: 2002008
A8: 44460 | B8: 3858 | C8: 3871.55 | D8: 3821.6499 | E8: 3862.95 | F8: 3355.7383 | G8: 1568129
A9: 44461 | B9: 3862.5 | C9: 3896.8501 | D9: 3852.45 | E9: 3862.1499 | F9: 3355.0437 | G9: 1744067
A10: 44462 | B10: 3870 | C10: 3879 | D10: 3835 | E10: 3869.25 | F10: 3361.2117 | G10: 2003869
A11: 44463 | B11: 3890 | C11: 3944.3999 | D11: 3855 | E11: 3871.3 | F11: 3362.9927 | G11: 2320754
A12: 44466 | B12: 3900 | C12: 3904 | D12: 3802.8999 | E12: 3836.95 | F12: 3333.1521 | G12: 1673362
A13: 44467 | B13: 3850 | C13: 3850 | D13: 3751.25 | E13: 3779.1499 | F13: 3282.9419 | G13: 2253075
... A1242: 46276 | B1242: 2185.5 | C1242: 2232.6001 | D1242: 2185.5 | E1242: 2200.8 | F1242: 2200.8 | G1242: 2633119

Sheet Mean_Rev
B2: Regression Beta - 5Years Daily
B4: TCS Return | F4: Nifty50 Return
B5: Date | C5: Close Price | D5: Return | F5: Date | G5: Close Price | H5: Return
B6: 44452 | C6: =IFERROR(INDEX(Sheet1!F2:F1242,MATCH(Mean_Rev!B6,Sheet1!A2:A1242,0)),0) -> 3340.45 | F6: =B6 -> 44452 | G6: =IFERROR(INDEX([1]Sheet1!$F$2:$F$1238,MATCH(F6,[1]Sheet1!$A$2:$A$1238,0)),0) -> 17355.301
B7: 44453 | C7: =IFERROR(INDEX(Sheet1!F3:F1243,MATCH(Mean_Rev!B7,Sheet1!A3:A1243,0)),0) -> 3375.6748 | D7: =LN(C7/C6) -> 0.010489733 | F7: =B7 -> 44453 | G7: =IFERROR(INDEX([1]Sheet1!$F$2:$F$1238,MATCH(F7,[1]Sheet1!$A$2:$A$1238,0)),0) -> 17380 | H7: =LN(G7/G6) -> 0.0014221396
B8: 44454 | C8: =IFERROR(INDEX(Sheet1!F4:F1244,MATCH(Mean_Rev!B8,Sheet1!A4:A1244,0)),0) -> 3435.312 | D8: =LN(C8/C7) -> 0.017512508 | F8: =B8 -> 44454 | G8: =IFERROR(INDEX([1]Sheet1!$F$2:$F$1238,MATCH(F8,[1]Sheet1!$A$2:$A$1238,0)),0) -> 17519.449 | H8: =LN(G8/G7) -> 0.0079915279 | K8: Beta Drafting | O8: SUMMARY OUTPUT
B9: 44455 | C9: =IFERROR(INDEX(Sheet1!F5:F1245,MATCH(Mean_Rev!B9,Sheet1!A5:A1245,0)),0) -> 3390.7905 | D9: =LN(C9/C8) -> -0.013044667 | F9: =B9 -> 44455 | G9: =IFERROR(INDEX([1]Sheet1!$F$2:$F$1238,MATCH(F9,[1]Sheet1!$A$2:$A$1238,0)),0) -> 17629.5 | H9: =LN(G9/G8) -> 0.0062619875
B10: 44456 | C10: =IFERROR(INDEX(Sheet1!F6:F1246,MATCH(Mean_Rev!B10,Sheet1!A6:A1246,0)),0) -> 3325.2478 | D10: =LN(C10/C9) -> -0.01951889 | F10: =B10 -> 44456 | G10: =IFERROR(INDEX([1]Sheet1!$F$2:$F$1238,MATCH(F10,[1]Sheet1!$A$2:$A$1238,0)),0) -> 17585.15 | H10: =LN(G10/G9) -> -0.0025188172 | O10: Regression Statistics
B11: 44459 | C11: =IFERROR(INDEX(Sheet1!F7:F1247,MATCH(Mean_Rev!B11,Sheet1!A7:A1247,0)),0) -> 3321.4688 | D11: =LN(C11/C10) -> -0.0011371188 | F11: =B11 -> 44459 | G11: =IFERROR(INDEX([1]Sheet1!$F$2:$F$1238,MATCH(F11,[1]Sheet1!$A$2:$A$1238,0)),0) -> 17396.9 | H11: =LN(G11/G10) -> -0.010762766 | K11: Levered Raw Beta | L11: =P25 -> 0.81931962 | O11: Multiple R | P11: 0.50218753
B12: 44460 | C12: =IFERROR(INDEX(Sheet1!F8:F1248,MATCH(Mean_Rev!B12,Sheet1!A8:A1248,0)),0) -> 3355.7383 | D12: =LN(C12/C11) -> 0.010264721 | F12: =B12 -> 44460 | G12: =IFERROR(INDEX([1]Sheet1!$F$2:$F$1238,MATCH(F12,[1]Sheet1!$A$2:$A$1238,0)),0) -> 17562 | H12: =LN(G12/G11) -> 0.0094454251 | K12: Raw Beta Weight | L12: 0.75 | O12: R Square | P12: 0.25219231
B13: 44461 | C13: =IFERROR(INDEX(Sheet1!F9:F1249,MATCH(Mean_Rev!B13,Sheet1!A9:A1249,0)),0) -> 3355.0437 | D13: =LN(C13/C12) -> -0.00020700422 | F13: =B13 -> 44461 | G13: =IFERROR(INDEX([1]Sheet1!$F$2:$F$1238,MATCH(F13,[1]Sheet1!$A$2:$A$1238,0)),0) -> 17546.65 | H13: =LN(G13/G12) -> -0.00087440618 | O13: Adjusted R Square | P13: 0.25158631
B14: 44462 | C14: =IFERROR(INDEX(Sheet1!F10:F1250,MATCH(Mean_Rev!B14,Sheet1!A10:A1250,0)),0) -> 3361.2117 | D14: =LN(C14/C13) -> 0.001836729 | F14: =B14 -> 44462 | G14: =IFERROR(INDEX([1]Sheet1!$F$2:$F$1238,MATCH(F14,[1]Sheet1!$A$2:$A$1238,0)),0) -> 17822.949 | H14: =LN(G14/G13) -> 0.015623838 | K14: Market Beta | L14: 1 | O14: Standard Error | P14: 0.012295351
B15: 44463 | C15: =IFERROR(INDEX(Sheet1!F11:F1251,MATCH(Mean_Rev!B15,Sheet1!A11:A1251,0)),0) -> 3362.9927 | D15: =LN(C15/C14) -> 0.00052972986 | F15: =B15 -> 44463 | G15: =IFERROR(INDEX([1]Sheet1!$F$2:$F$1238,MATCH(F15,[1]Sheet1!$A$2:$A$1238,0)),0) -> 17853.199 | H15: =LN(G15/G14) -> 0.0016958113 | K15: Market Beta Weight | L15: 0.25 | O15: Observations | P15: 1236
B16: 44466 | C16: =IFERROR(INDEX(Sheet1!F12:F1252,MATCH(Mean_Rev!B16,Sheet1!A12:A1252,0)),0) -> 3333.1521 | D16: =LN(C16/C15) -> -0.0089128221 | F16: =B16 -> 44466 | G16: =IFERROR(INDEX([1]Sheet1!$F$2:$F$1238,MATCH(F16,[1]Sheet1!$A$2:$A$1238,0)),0) -> 17855.1 | H16: =LN(G16/G15) -> 0.00010643972
B17: 44467 | C17: =IFERROR(INDEX(Sheet1!F13:F1253,MATCH(Mean_Rev!B17,Sheet1!A13:A1253,0)),0) -> 3282.9419 | D17: =LN(C17/C16) -> -0.015178493 | F17: =B17 -> 44467 | G17: =IFERROR(INDEX([1]Sheet1!$F$2:$F$1238,MATCH(F17,[1]Sheet1!$A$2:$A$1238,0)),0) -> 17748.6 | H17: =LN(G17/G16) -> -0.0059825423 | K17: Adjusted Beta | L17: =(L11*L12)+(L14*L15) -> 0.86448972 | O17: ANOVA
B18: 44468 | C18: =IFERROR(INDEX(Sheet1!F14:F1254,MATCH(Mean_Rev!B18,Sheet1!A14:A1254,0)),0) -> 3294.0176 | D18: =LN(C18/C17) -> 0.0033680287 | F18: =B18 -> 44468 | G18: =IFERROR(INDEX([1]Sheet1!$F$2:$F$1238,MATCH(F18,[1]Sheet1!$A$2:$A$1238,0)),0) -> 17711.301 | H18: =LN(G18/G17) -> -0.0021037195 | P18: df | Q18: SS | R18: MS | S18: F | T18: Significance F
B19: 44469 | C19: =IFERROR(INDEX(Sheet1!F15:F1255,MATCH(Mean_Rev!B19,Sheet1!A15:A1255,0)),0) -> 3279.8145 | D19: =LN(C19/C18) -> -0.0043211165 | F19: =B19 -> 44469 | G19: =IFERROR(INDEX([1]Sheet1!$F$2:$F$1238,MATCH(F19,[1]Sheet1!$A$2:$A$1238,0)),0) -> 17618.15 | H19: =LN(G19/G18) -> -0.0052732552 | O19: Regression | P19: 1 | Q19: 0.062912787 | R19: 0.062912787 | S19: 416.15688 | T19: 6.0628562e-80
B20: 44470 | C20: =IFERROR(INDEX(Sheet1!F16:F1256,MATCH(Mean_Rev!B20,Sheet1!A16:A1256,0)),0) -> 3240.4189 | D20: =LN(C20/C19) -> -0.012084226 | F20: =B20 -> 44470 | G20: =IFERROR(INDEX([1]Sheet1!$F$2:$F$1238,MATCH(F20,[1]Sheet1!$A$2:$A$1238,0)),0) -> 17532.051 | H20: =LN(G20/G19) -> -0.0048989638 | O20: Residual | P20: 1234 | Q20: 0.18655075 | R20: 0.00015117565
B21: 44473 | C21: =IFERROR(INDEX(Sheet1!F17:F1257,MATCH(Mean_Rev!B21,Sheet1!A17:A1257,0)),0) -> 3277.8596 | D21: =LN(C21/C20) -> 0.011488029 | F21: =B21 -> 44473 | G21: =IFERROR(INDEX([1]Sheet1!$F$2:$F$1238,MATCH(F21,[1]Sheet1!$A$2:$A$1238,0)),0) -> 17691.25 | H21: =LN(G21/G20) -> 0.009039488 | O21: Total | P21: 1235 | Q21: 0.24946354
B22: 44474 | C22: =IFERROR(INDEX(Sheet1!F18:F1258,MATCH(Mean_Rev!B22,Sheet1!A18:A1258,0)),0) -> 3329.9819 | D22: =LN(C22/C21) -> 0.015776224 | F22: =B22 -> 44474 | G22: =IFERROR(INDEX([1]Sheet1!$F$2:$F$1238,MATCH(F22,[1]Sheet1!$A$2:$A$1238,0)),0) -> 17822.301 | H22: =LN(G22/G21) -> 0.0073803589
B23: 44475 | C23: =IFERROR(INDEX(Sheet1!F19:F1259,MATCH(Mean_Rev!B23,Sheet1!A19:A1259,0)),0) -> 3310.5225 | D23: =LN(C23/C22) -> -0.0058608585 | F23: =B23 -> 44475 | G23: =IFERROR(INDEX([1]Sheet1!$F$2:$F$1238,MATCH(F23,[1]Sheet1!$A$2:$A$1238,0)),0) -> 17646 | H23: =LN(G23/G22) -> -0.0099413972 | P23: Coefficients | Q23: Standard Error | R23: t Stat | S23: P-value | T23: Lower 95% | U23: Upper 95% | V23: Lower 95.0% | W23: Upper 95.0%
B24: 44476 | C24: =IFERROR(INDEX(Sheet1!F20:F1260,MATCH(Mean_Rev!B24,Sheet1!A20:A1260,0)),0) -> 3381.7559 | D24: =LN(C24/C23) -> 0.02128904 | F24: =B24 -> 44476 | G24: =IFERROR(INDEX([1]Sheet1!$F$2:$F$1238,MATCH(F24,[1]Sheet1!$A$2:$A$1238,0)),0) -> 17790.35 | H24: =LN(G24/G23) -> 0.0081470247 | O24: Intercept | P24: -0.00053564878 | Q24: 0.00034986374 | R24: -1.5310211 | S24: 0.12602048 | T24: -0.0012220424 | U24: 0.00015074479 | V24: -0.0012220424 | W24: 0.00015074479
B25: 44477 | C25: =IFERROR(INDEX(Sheet1!F21:F1261,MATCH(Mean_Rev!B25,Sheet1!A21:A1261,0)),0) -> 3418.8926 | D25: =LN(C25/C24) -> 0.010921631 | F25: =B25 -> 44477 | G25: =IFERROR(INDEX([1]Sheet1!$F$2:$F$1238,MATCH(F25,[1]Sheet1!$A$2:$A$1238,0)),0) -> 17895.199 | H25: =LN(G25/G24) -> 0.0058763233 | O25: X Variable 1 | P25: 0.81931962 | Q25: 0.040162877 | R25: 20.399923 | S25: 6.0628562e-80 | T25: 0.74052455 | U25: 0.8981147 | V25: 0.74052455 | W25: 0.8981147
B26: 44480 | C26: =IFERROR(INDEX(Sheet1!F22:F1262,MATCH(Mean_Rev!B26,Sheet1!A22:A1262,0)),0) -> 3201.6753 | D26: =LN(C26/C25) -> -0.065642489 | F26: =B26 -> 44480 | G26: =IFERROR(INDEX([1]Sheet1!$F$2:$F$1238,MATCH(F26,[1]Sheet1!$A$2:$A$1238,0)),0) -> 17945.949 | H26: =LN(G26/G25) -> 0.0028319424
B27: 44481 | C27: =IFERROR(INDEX(Sheet1!F23:F1263,MATCH(Mean_Rev!B27,Sheet1!A23:A1263,0)),0) -> 3173.2251 | D27: =LN(C27/C26) -> -0.0089257502 | F27: =B27 -> 44481 | G27: =IFERROR(INDEX([1]Sheet1!$F$2:$F$1238,MATCH(F27,[1]Sheet1!$A$2:$A$1238,0)),0) -> 17991.949 | H27: =LN(G27/G26) -> 0.002559973
B28: 44482 | C28: =IFERROR(INDEX(Sheet1!F24:F1264,MATCH(Mean_Rev!B28,Sheet1!A24:A1264,0)),0) -> 3175.2666 | D28: =LN(C28/C27) -> 0.00064314614 | F28: =B28 -> 44482 | G28: =IFERROR(INDEX([1]Sheet1!$F$2:$F$1238,MATCH(F28,[1]Sheet1!$A$2:$A$1238,0)),0) -> 18161.75 | H28: =LN(G28/G27) -> 0.009393342
B29: 44483 | C29: =IFERROR(INDEX(Sheet1!F25:F1265,MATCH(Mean_Rev!B29,Sheet1!A25:A1265,0)),0) -> 3143.2805 | D29: =LN(C29/C28) -> -0.010124592 | F29: =B29 -> 44483 | G29: =IFERROR(INDEX([1]Sheet1!$F$2:$F$1238,MATCH(F29,[1]Sheet1!$A$2:$A$1238,0)),0) -> 18338.551 | H29: =LN(G29/G28) -> 0.00968771 | O29: RESIDUAL OUTPUT
B30: 44487 | C30: =IFERROR(INDEX(Sheet1!F26:F1266,MATCH(Mean_Rev!B30,Sheet1!A26:A1266,0)),0) -> 3174.3525 | D30: =LN(C30/C29) -> 0.0098366815 | F30: =B30 -> 44487 | G30: =IFERROR(INDEX([1]Sheet1!$F$2:$F$1238,MATCH(F30,[1]Sheet1!$A$2:$A$1238,0)),0) -> 18477.051 | H30: =LN(G30/G29) -> 0.0075240196
B31: 44488 | C31: =IFERROR(INDEX(Sheet1!F27:F1267,MATCH(Mean_Rev!B31,Sheet1!A27:A1267,0)),0) -> 3163.0381 | D31: =LN(C31/C30) -> -0.0035707015 | F31: =B31 -> 44488 | G31: =IFERROR(INDEX([1]Sheet1!$F$2:$F$1238,MATCH(F31,[1]Sheet1!$A$2:$A$1238,0)),0) -> 18418.75 | H31: =LN(G31/G30) -> -0.0031602962 | O31: Observation | P31: Predicted Y | Q31: Residuals
B32: 44489 | C32: =IFERROR(INDEX(Sheet1!F28:F1268,MATCH(Mean_Rev!B32,Sheet1!A28:A1268,0)),0) -> 3141.0186 | D32: =LN(C32/C31) -> -0.0069858575 | F32: =B32 -> 44489 | G32: =IFERROR(INDEX([1]Sheet1!$F$2:$F$1238,MATCH(F32,[1]Sheet1!$A$2:$A$1238,0)),0) -> 18266.6 | H32: =LN(G32/G31) -> -0.0082949332 | O32: 1 | P32: 0.00062953808 | Q32: 0.0098601946
B33: 44490 | C33: =IFERROR(INDEX(Sheet1!F29:F1269,MATCH(Mean_Rev!B33,Sheet1!A29:A1269,0)),0) -> 3074.5657 | D33: =LN(C33/C32) -> -0.021383481 | F33: =B33 -> 44490 | G33: =IFERROR(INDEX([1]Sheet1!$F$2:$F$1238,MATCH(F33,[1]Sheet1!$A$2:$A$1238,0)),0) -> 18178.1 | H33: =LN(G33/G32) -> -0.0048566829 | O33: 2 | P33: 0.0060119669 | Q33: 0.011500541
B34: 44491 | C34: =IFERROR(INDEX(Sheet1!F30:F1270,MATCH(Mean_Rev!B34,Sheet1!A30:A1270,0)),0) -> 3045.2778 | D34: =LN(C34/C33) -> -0.009571508 | F34: =B34 -> 44491 | G34: =IFERROR(INDEX([1]Sheet1!$F$2:$F$1238,MATCH(F34,[1]Sheet1!$A$2:$A$1238,0)),0) -> 18114.9 | H34: =LN(G34/G33) -> -0.0034827257 | O34: 3 | P34: 0.0045949205 | Q34: -0.017639587
B35: 44494 | C35: =IFERROR(INDEX(Sheet1!F31:F1271,MATCH(Mean_Rev!B35,Sheet1!A31:A1271,0)),0) -> 3040.1428 | D35: =LN(C35/C34) -> -0.0016876437 | F35: =B35 -> 44494 | G35: =IFERROR(INDEX([1]Sheet1!$F$2:$F$1238,MATCH(F35,[1]Sheet1!$A$2:$A$1238,0)),0) -> 18125.4 | H35: =LN(G35/G34) -> 0.00057946541 | O35: 4 | P35: -0.0025993651 | Q35: -0.016919525
B36: 44495 | C36: =IFERROR(INDEX(Sheet1!F32:F1272,MATCH(Mean_Rev!B36,Sheet1!A32:A1272,0)),0) -> 3031.1348 | D36: =LN(C36/C35) -> -0.0029674358 | F36: =B36 -> 44495 | G36: =IFERROR(INDEX([1]Sheet1!$F$2:$F$1238,MATCH(F36,[1]Sheet1!$A$2:$A$1238,0)),0) -> 18268.4 | H36: =LN(G36/G35) -> 0.0078585217 | O36: 5 | P36: -0.0093537944 | Q36: 0.0082166756
B37: 44496 | C37: =IFERROR(INDEX(Sheet1!F33:F1273,MATCH(Mean_Rev!B37,Sheet1!A33:A1273,0)),0) -> 3037.3572 | D37: =LN(C37/C36) -> 0.0020507284 | F37: =B37 -> 44496 | G37: =IFERROR(INDEX([1]Sheet1!$F$2:$F$1238,MATCH(F37,[1]Sheet1!$A$2:$A$1238,0)),0) -> 18210.949 | H37: =LN(G37/G36) -> -0.0031497941 | O37: 6 | P37: 0.0072031733 | Q37: 0.0030615472
B38: 44497 | C38: =IFERROR(INDEX(Sheet1!F34:F1274,MATCH(Mean_Rev!B38,Sheet1!A34:A1274,0)),0) -> 2978.0854 | D38: =LN(C38/C37) -> -0.019707161 | F38: =B38 -> 44497 | G38: =IFERROR(INDEX([1]Sheet1!$F$2:$F$1238,MATCH(F38,[1]Sheet1!$A$2:$A$1238,0)),0) -> 17857.25 | H38: =LN(G38/G37) -> -0.01961343 | O38: 7 | P38: -0.0012520669 | Q38: 0.0010450627
B39: 44498 | C39: =IFERROR(INDEX(Sheet1!F35:F1275,MATCH(Mean_Rev!B39,Sheet1!A35:A1275,0)),0) -> 2957.2834 | D39: =LN(C39/C38) -> -0.0070095347 | F39: =B39 -> 44498 | G39: =IFERROR(INDEX([1]Sheet1!$F$2:$F$1238,MATCH(F39,[1]Sheet1!$A$2:$A$1238,0)),0) -> 17671.65 | H39: =LN(G39/G38) -> -0.010447906 | O39: 8 | P39: 0.012265268 | Q39: -0.010428539
B40: 44501 | C40: =IFERROR(INDEX(Sheet1!F36:F1276,MATCH(Mean_Rev!B40,Sheet1!A36:A1276,0)),0) -> 3025.7375 | D40: =LN(C40/C39) -> 0.022883787 | F40: =B40 -> 44501 | G40: =IFERROR(INDEX([1]Sheet1!$F$2:$F$1238,MATCH(F40,[1]Sheet1!$A$2:$A$1238,0)),0) -> 17929.65 | H40: =LN(G40/G39) -> 0.014494106 | O40: 9 | P40: 0.00085376267 | Q40: -0.00032403282
B41: 44502 | C41: =IFERROR(INDEX(Sheet1!F37:F1277,MATCH(Mean_Rev!B41,Sheet1!A37:A1277,0)),0) -> 3032.5269 | D41: =LN(C41/C40) -> 0.0022413381 | F41: =B41 -> 44502 | G41: =IFERROR(INDEX([1]Sheet1!$F$2:$F$1238,MATCH(F41,[1]Sheet1!$A$2:$A$1238,0)),0) -> 17888.949 | H41: =LN(G41/G40) -> -0.0022726287 | O41: 10 | P41: -0.00044844063 | Q41: -0.0084643815
B42: 44503 | C42: =IFERROR(INDEX(Sheet1!F38:F1278,MATCH(Mean_Rev!B42,Sheet1!A38:A1278,0)),0) -> 3039.5337 | D42: =LN(C42/C41) -> 0.002307895 | F42: =B42 -> 44503 | G42: =IFERROR(INDEX([1]Sheet1!$F$2:$F$1238,MATCH(F42,[1]Sheet1!$A$2:$A$1238,0)),0) -> 17829.199 | H42: =LN(G42/G41) -> -0.0033456413 | O42: 11 | P42: -0.0054372631 | Q42: -0.0097412302
B43: 44504 | C43: =IFERROR(INDEX(Sheet1!F39:F1279,MATCH(Mean_Rev!B43,Sheet1!A39:A1279,0)),0) -> 3053.8076 | D43: =LN(C43/C42) -> 0.0046850984 | F43: =B43 -> 44504 | G43: =IFERROR(INDEX([1]Sheet1!$F$2:$F$1238,MATCH(F43,[1]Sheet1!$A$2:$A$1238,0)),0) -> 17916.801 | H43: =LN(G43/G42) -> 0.0049013449 | O43: 12 | P43: -0.0022592674 | Q43: 0.0056272961
... B1080: 46036 | C1080: =IFERROR(INDEX(Sheet1!F1076:F2316,MATCH(Mean_Rev!B1080,Sheet1!A1076:A2316,0)),0) -> 3076.6851 | D1080: =LN(C1080/C1079) -> -0.023373841 | F1080: =B1080 -> 46036 | G1080: =IFERROR(INDEX([1]Sheet1!$F$2:$F$1238,MATCH(F1080,[1]Sheet1!$A$2:$A$1238,0)),0) -> 25665.6 | H1080: =LN(G1080/G1079) -> -0.0025954838 | O1080: 1049 | P1080: -0.0043601993 | Q1080: -0.004391104
B1081: 46038 | C1081: =IFERROR(INDEX(Sheet1!F1078:F2318,MATCH(Mean_Rev!B1081,Sheet1!A1078:A2318,0)),0) -> 3146.5493 | D1081: =LN(C1081/C1080) -> 0.02245366 | F1081: =B1081 -> 46038 | G1081: =IFERROR(INDEX([1]Sheet1!$F$2:$F$1238,MATCH(F1081,[1]Sheet1!$A$2:$A$1238,0)),0) -> 25694.35 | H1081: =LN(G1081/G1080) -> 0.0011195495 | O1081: 1050 | P1081: -0.0031287057 | Q1081: -0.0028423544
B1082: 46041 | C1082: =IFERROR(INDEX(Sheet1!F1079:F2319,MATCH(Mean_Rev!B1082,Sheet1!A1079:A2319,0)),0) -> 3104.2581 | D1082: =LN(C1082/C1081) -> -0.013531662 | F1082: =B1082 -> 46041 | G1082: =IFERROR(INDEX([1]Sheet1!$F$2:$F$1238,MATCH(F1082,[1]Sheet1!$A$2:$A$1238,0)),0) -> 25585.5 | H1082: =LN(G1082/G1081) -> -0.0042453234 | O1082: 1051 | P1082: 0.0039228873 | Q1082: -0.0030767178
B1083: 46042 | C1083: =IFERROR(INDEX(Sheet1!F1080:F2320,MATCH(Mean_Rev!B1083,Sheet1!A1080:A2320,0)),0) -> 3044.1079 | D1083: =LN(C1083/C1082) -> -0.019566846 | F1083: =B1083 -> 46042 | G1083: =IFERROR(INDEX([1]Sheet1!$F$2:$F$1238,MATCH(F1083,[1]Sheet1!$A$2:$A$1238,0)),0) -> 25232.5 | H1083: =LN(G1083/G1082) -> -0.013892939 | O1083: 1052 | P1083: 0.0041456454 | Q1083: 0.0047746402
B1084: 46043 | C1084: =IFERROR(INDEX(Sheet1!F1081:F2321,MATCH(Mean_Rev!B1084,Sheet1!A1081:A2321,0)),0) -> 3064.0271 | D1084: =LN(C1084/C1083) -> 0.0065222069 | F1084: =B1084 -> 46043 | G1084: =IFERROR(INDEX([1]Sheet1!$F$2:$F$1238,MATCH(F1084,[1]Sheet1!$A$2:$A$1238,0)),0) -> 25157.5 | H1084: =LN(G1084/G1083) -> -0.0029767833 | O1084: 1053 | P1084: -0.0011539333 | Q1084: 0.0041613719
B1085: 46044 | C1085: =IFERROR(INDEX(Sheet1!F1082:F2322,MATCH(Mean_Rev!B1085,Sheet1!A1082:A2322,0)),0) -> 3091.3054 | D1085: =LN(C1085/C1084) -> 0.0088633713 | F1085: =B1085 -> 46044 | G1085: =IFERROR(INDEX([1]Sheet1!$F$2:$F$1238,MATCH(F1085,[1]Sheet1!$A$2:$A$1238,0)),0) -> 25289.9 | H1085: =LN(G1085/G1084) -> 0.0052490592 | O1085: 1054 | P1085: -0.0058159933 | Q1085: -0.001984695
B1086: 46045 | C1086: =IFERROR(INDEX(Sheet1!F1083:F2323,MATCH(Mean_Rev!B1086,Sheet1!A1083:A2323,0)),0) -> 3103.1785 | D1086: =LN(C1086/C1085) -> 0.0038334304 | F1086: =B1086 -> 46045 | G1086: =IFERROR(INDEX([1]Sheet1!$F$2:$F$1238,MATCH(F1086,[1]Sheet1!$A$2:$A$1238,0)),0) -> 25048.65 | H1086: =LN(G1086/G1085) -> -0.0095851725 | O1086: 1055 | P1086: -0.0018530894 | Q1086: 0.0058076873
B1087: 46049 | C1087: =IFERROR(INDEX(Sheet1!F1084:F2324,MATCH(Mean_Rev!B1087,Sheet1!A1084:A2324,0)),0) -> 3098.7629 | D1087: =LN(C1087/C1086) -> -0.001423918 | F1087: =B1087 -> 46049 | G1087: =IFERROR(INDEX([1]Sheet1!$F$2:$F$1238,MATCH(F1087,[1]Sheet1!$A$2:$A$1238,0)),0) -> 25175.4 | H1087: =LN(G1087/G1086) -> 0.0050473933 | O1087: 1056 | P1087: -0.00063085558 | Q1087: 0.020020273
B1088: 46050 | C1088: =IFERROR(INDEX(Sheet1!F1085:F2325,MATCH(Mean_Rev!B1088,Sheet1!A1085:A2325,0)),0) -> 3140.0735 | D1088: =LN(C1088/C1087) -> 0.013243223 | F1088: =B1088 -> 46050 | G1088: =IFERROR(INDEX([1]Sheet1!$F$2:$F$1238,MATCH(F1088,[1]Sheet1!$A$2:$A$1238,0)),0) -> 25342.75 | H1088: =LN(G1088/G1087) -> 0.0066253503 | O1088: 1057 | P1088: 0.0042379989 | Q1088: -0.0038723701
B1089: 46051 | C1089: =IFERROR(INDEX(Sheet1!F1086:F2326,MATCH(Mean_Rev!B1089,Sheet1!A1086:A2326,0)),0) -> 3085.418 | D1089: =LN(C1089/C1088) -> -0.017559071 | F1089: =B1089 -> 46051 | G1089: =IFERROR(INDEX([1]Sheet1!$F$2:$F$1238,MATCH(F1089,[1]Sheet1!$A$2:$A$1238,0)),0) -> 25418.9 | H1089: =LN(G1089/G1088) -> 0.0030003141 | O1089: 1058 | P1089: 0.005938636 | Q1089: 0.0070479829
B1090: 46052 | C1090: =IFERROR(INDEX(Sheet1!F1087:F2327,MATCH(Mean_Rev!B1090,Sheet1!A1087:A2327,0)),0) -> 3065.3025 | D1090: =LN(C1090/C1089) -> -0.0065408761 | F1090: =B1090 -> 46052 | G1090: =IFERROR(INDEX([1]Sheet1!$F$2:$F$1238,MATCH(F1090,[1]Sheet1!$A$2:$A$1238,0)),0) -> 25320.65 | H1090: =LN(G1090/G1089) -> -0.0038727234 | O1090: 1059 | P1090: -0.00038696486 | Q1090: -0.004104491
B1091: 46055 | C1091: =IFERROR(INDEX(Sheet1!F1088:F2328,MATCH(Mean_Rev!B1091,Sheet1!A1088:A2328,0)),0) -> 3110.1455 | D1091: =LN(C1091/C1090) -> 0.014523256 | F1091: =B1091 -> 46055 | G1091: =IFERROR(INDEX([1]Sheet1!$F$2:$F$1238,MATCH(F1091,[1]Sheet1!$A$2:$A$1238,0)),0) -> 25088.4 | H1091: =LN(G1091/G1090) -> -0.0092146803 | O1091: 1060 | P1091: -0.0016334396 | Q1091: 0.0043488077
B1092: 46056 | C1092: =IFERROR(INDEX(Sheet1!F1089:F2329,MATCH(Mean_Rev!B1092,Sheet1!A1089:A2329,0)),0) -> 3164.8005 | D1092: =LN(C1092/C1091) -> 0.01742052 | F1092: =B1092 -> 46056 | G1092: =IFERROR(INDEX([1]Sheet1!$F$2:$F$1238,MATCH(F1092,[1]Sheet1!$A$2:$A$1238,0)),0) -> 25727.551 | H1092: =LN(G1092/G1091) -> 0.025156829 | O1092: 1061 | P1092: -0.0036694297 | Q1092: -0.0081506086
... B1149: 46142 | C1149: =IFERROR(INDEX(Sheet1!F1146:F2386,MATCH(Mean_Rev!B1149,Sheet1!A1146:A2386,0)),0) -> 2427.4951 | D1149: =LN(C1149/C1148) -> -0.00032329014 | F1149: =B1149 -> 46142 | G1149: =IFERROR(INDEX([1]Sheet1!$F$2:$F$1238,MATCH(F1149,[1]Sheet1!$A$2:$A$1238,0)),0) -> 23997.551 | H1149: =LN(G1149/G1148) -> -0.0074768945 | O1149: 1118 | P1149: 0.0034564201 | Q1149: 0.011122776
B1150: 46146 | C1150: =IFERROR(INDEX(Sheet1!F1148:F2388,MATCH(Mean_Rev!B1150,Sheet1!A1148:A2388,0)),0) -> 2385.6943 | D1150: =LN(C1150/C1149) -> -0.017369702 | F1150: =B1150 -> 46146 | G1150: =IFERROR(INDEX([1]Sheet1!$F$2:$F$1238,MATCH(F1150,[1]Sheet1!$A$2:$A$1238,0)),0) -> 24119.301 | H1150: =LN(G1150/G1149) -> 0.0050606079 | O1150: 1119 | P1150: -0.022151542 | Q1150: 0.019302946
B1151: 46147 | C1151: =IFERROR(INDEX(Sheet1!F1149:F2389,MATCH(Mean_Rev!B1151,Sheet1!A1149:A2389,0)),0) -> 2381.7693 | D1151: =LN(C1151/C1150) -> -0.0016465987 | F1151: =B1151 -> 46147 | G1151: =IFERROR(INDEX([1]Sheet1!$F$2:$F$1238,MATCH(F1151,[1]Sheet1!$A$2:$A$1238,0)),0) -> 24032.801 | H1151: =LN(G1151/G1150) -> -0.0035927858 | O1151: 1120 | P1151: 0.013885094 | Q1151: -0.0076122847
B1152: 46148 | C1152: =IFERROR(INDEX(Sheet1!F1150:F2390,MATCH(Mean_Rev!B1152,Sheet1!A1150:A2390,0)),0) -> 2389.717 | D1152: =LN(C1152/C1151) -> 0.0033313566 | F1152: =B1152 -> 46148 | G1152: =IFERROR(INDEX([1]Sheet1!$F$2:$F$1238,MATCH(F1152,[1]Sheet1!$A$2:$A$1238,0)),0) -> 24330.949 | H1152: =LN(G1152/G1151) -> 0.012329574 | O1152: 1121 | P1152: 0.013435264 | Q1152: -0.022396506
B1153: 46149 | C1153: =IFERROR(INDEX(Sheet1!F1151:F2391,MATCH(Mean_Rev!B1153,Sheet1!A1151:A2391,0)),0) -> 2356.355 | D1153: =LN(C1153/C1152) -> -0.014059041 | F1153: =B1153 -> 46149 | G1153: =IFERROR(INDEX([1]Sheet1!$F$2:$F$1238,MATCH(F1153,[1]Sheet1!$A$2:$A$1238,0)),0) -> 24326.65 | H1153: =LN(G1153/G1152) -> -0.00017669709 | O1153: 1122 | P1153: -0.017831743 | Q1153: 0.023034003
B1154: 46150 | C1154: =IFERROR(INDEX(Sheet1!F1152:F2392,MATCH(Mean_Rev!B1154,Sheet1!A1152:A2392,0)),0) -> 2349.4863 | D1154: =LN(C1154/C1153) -> -0.0029192048 | F1154: =B1154 -> 46150 | G1154: =IFERROR(INDEX([1]Sheet1!$F$2:$F$1238,MATCH(F1154,[1]Sheet1!$A$2:$A$1238,0)),0) -> 24176.15 | H1154: =LN(G1154/G1153) -> -0.0062058471 | O1154: 1123 | P1154: -0.018254272 | Q1154: 0.0052399264
B1155: 46153 | C1155: =IFERROR(INDEX(Sheet1!F1153:F2393,MATCH(Mean_Rev!B1155,Sheet1!A1153:A2393,0)),0) -> 2348.0144 | D1155: =LN(C1155/C1154) -> -0.00062668383 | F1155: =B1155 -> 46153 | G1155: =IFERROR(INDEX([1]Sheet1!$F$2:$F$1238,MATCH(F1155,[1]Sheet1!$A$2:$A$1238,0)),0) -> 23815.85 | H1155: =LN(G1155/G1154) -> -0.015015317 | O1155: 1124 | P1155: 0.012133706 | Q1155: 0.0085505714
B1156: 46154 | C1156: =IFERROR(INDEX(Sheet1!F1154:F2394,MATCH(Mean_Rev!B1156,Sheet1!A1154:A2394,0)),0) -> 2257.1516 | D1156: =LN(C1156/C1155) -> -0.039466367 | F1156: =B1156 -> 46154 | G1156: =IFERROR(INDEX([1]Sheet1!$F$2:$F$1238,MATCH(F1156,[1]Sheet1!$A$2:$A$1238,0)),0) -> 23379.551 | H1156: =LN(G1156/G1155) -> -0.018489567 | O1156: 1125 | P1156: 0.00068087097 | Q1156: 0.01681318
B1157: 46155 | C1157: =IFERROR(INDEX(Sheet1!F1155:F2395,MATCH(Mean_Rev!B1157,Sheet1!A1155:A2395,0)),0) -> 2230.1675 | D1157: =LN(C1157/C1156) -> -0.012026983 | F1157: =B1157 -> 46155 | G1157: =IFERROR(INDEX([1]Sheet1!$F$2:$F$1238,MATCH(F1157,[1]Sheet1!$A$2:$A$1238,0)),0) -> 23412.6 | H1157: =LN(G1157/G1156) -> 0.0014125802 | O1157: 1126 | P1157: 0.0086169659 | Q1157: 0.00080521924
B1158: 46156 | C1158: =IFERROR(INDEX(Sheet1!F1156:F2396,MATCH(Mean_Rev!B1158,Sheet1!A1156:A2396,0)),0) -> 2203.8701 | D1158: =LN(C1158/C1157) -> -0.011861727 | F1158: =B1158 -> 46156 | G1158: =IFERROR(INDEX([1]Sheet1!$F$2:$F$1238,MATCH(F1158,[1]Sheet1!$A$2:$A$1238,0)),0) -> 23689.6 | H1158: =LN(G1158/G1157) -> 0.011761794 | O1158: 1127 | P1158: 0.0049890994 | Q1158: 0.021300466
B1159: 46157 | C1159: =IFERROR(INDEX(Sheet1!F1157:F2397,MATCH(Mean_Rev!B1159,Sheet1!A1157:A2397,0)),0) -> 2221.5322 | D1159: =LN(C1159/C1158) -> 0.0079821909 | F1159: =B1159 -> 46157 | G1159: =IFERROR(INDEX([1]Sheet1!$F$2:$F$1238,MATCH(F1159,[1]Sheet1!$A$2:$A$1238,0)),0) -> 23643.5 | H1159: =LN(G1159/G1158) -> -0.0019478811 | O1159: 1128 | P1159: 0.029850844 | Q1159: -0.022241557
B1160: 46160 | C1160: =IFERROR(INDEX(Sheet1!F1158:F2398,MATCH(Mean_Rev!B1160,Sheet1!A1158:A2398,0)),0) -> 2240.3721 | D1160: =LN(C1160/C1159) -> 0.0084448049 | F1160: =B1160 -> 46160 | G1160: =IFERROR(INDEX([1]Sheet1!$F$2:$F$1238,MATCH(F1160,[1]Sheet1!$A$2:$A$1238,0)),0) -> 23649.949 | H1160: =LN(G1160/G1159) -> 0.00027273201 | O1160: 1129 | P1160: -0.0081590846 | Q1160: 0.019736056
B1161: 46161 | C1161: =IFERROR(INDEX(Sheet1!F1159:F2399,MATCH(Mean_Rev!B1161,Sheet1!A1159:A2399,0)),0) -> 2283.449 | D1161: =LN(C1161/C1160) -> 0.019045053 | F1161: =B1161 -> 46161 | G1161: =IFERROR(INDEX([1]Sheet1!$F$2:$F$1238,MATCH(F1161,[1]Sheet1!$A$2:$A$1238,0)),0) -> 23618 | H1161: =LN(G1161/G1160) -> -0.0013518346 | O1161: 1130 | P1161: 0.0089038391 | Q1161: -0.034211726
... B1167: 46169 | C1167: =IFERROR(INDEX(Sheet1!F1165:F2405,MATCH(Mean_Rev!B1167,Sheet1!A1165:A2405,0)),0) -> 2271.7441 | D1167: =LN(C1167/C1166) -> 0.0035085417 | F1167: =B1167 -> 46169 | G1167: =IFERROR(INDEX([1]Sheet1!$F$2:$F$1238,MATCH(F1167,[1]Sheet1!$A$2:$A$1238,0)),0) -> 23907.15 | H1167: =LN(G1167/G1166) -> -0.00027389008 | O1167: 1136 | P1167: 0.0065541296 | Q1167: 0.005353267
B1168: 46171 | C1168: =IFERROR(INDEX(Sheet1!F1167:F2407,MATCH(Mean_Rev!B1168,Sheet1!A1167:A2407,0)),0) -> 2246.582 | D1168: =LN(C1168/C1167) -> -0.011137916 | F1168: =B1168 -> 46171 | G1168: =IFERROR(INDEX([1]Sheet1!$F$2:$F$1238,MATCH(F1168,[1]Sheet1!$A$2:$A$1238,0)),0) -> 23547.75 | H1168: =LN(G1168/G1167) -> -0.015147319 | O1168: 1137 | P1168: -0.0071799889 | Q1168: -0.020788516
B1169: 46174 | C1169: =IFERROR(INDEX(Sheet1!F1168:F2408,MATCH(Mean_Rev!B1169,Sheet1!A1168:A2408,0)),0) -> 2284.8721 | D1169: =LN(C1169/C1168) -> 0.016900072 | F1169: =B1169 -> 46174 | G1169: =IFERROR(INDEX([1]Sheet1!$F$2:$F$1238,MATCH(F1169,[1]Sheet1!$A$2:$A$1238,0)),0) -> 23382.6 | H1169: =LN(G1169/G1168) -> -0.0070381352 | O1169: 1138 | P1169: -0.007456248 | Q1169: 0.00085583533
B1170: 46175 | C1170: =IFERROR(INDEX(Sheet1!F1169:F2409,MATCH(Mean_Rev!B1170,Sheet1!A1169:A2409,0)),0) -> 2433.5569 | D1170: =LN(C1170/C1169) -> 0.06304389 | F1170: =B1170 -> 46175 | G1170: =IFERROR(INDEX([1]Sheet1!$F$2:$F$1238,MATCH(F1170,[1]Sheet1!$A$2:$A$1238,0)),0) -> 23483.551 | H1170: =LN(G1170/G1169) -> 0.00430807 | O1170: 1139 | P1170: -0.0099133846 | Q1170: -0.040883303
B1171: 46176 | C1171: =IFERROR(INDEX(Sheet1!F1170:F2410,MATCH(Mean_Rev!B1171,Sheet1!A1170:A2410,0)),0) -> 2229.4758 | D1171: =LN(C1171/C1170) -> -0.087587422 | F1171: =B1171 -> 46176 | G1171: =IFERROR(INDEX([1]Sheet1!$F$2:$F$1238,MATCH(F1171,[1]Sheet1!$A$2:$A$1238,0)),0) -> 23405.6 | H1171: =LN(G1171/G1170) -> -0.003324916 | O1171: 1140 | P1171: 0.0061141206 | Q1171: 0.014817614
B1172: 46177 | C1172: =IFERROR(INDEX(Sheet1!F1171:F2411,MATCH(Mean_Rev!B1172,Sheet1!A1171:A2411,0)),0) -> 2228.7798 | D1172: =LN(C1172/C1171) -> -0.0003122499 | F1172: =B1172 -> 46177 | G1172: =IFERROR(INDEX([1]Sheet1!$F$2:$F$1238,MATCH(F1172,[1]Sheet1!$A$2:$A$1238,0)),0) -> 23416.551 | H1172: =LN(G1172/G1171) -> 0.00046777741 | O1172: 1141 | P1172: -0.0038409829 | Q1172: 0.0026554043
B1173: 46178 | C1173: =IFERROR(INDEX(Sheet1!F1172:F2412,MATCH(Mean_Rev!B1173,Sheet1!A1172:A2412,0)),0) -> 2186.9092 | D1173: =LN(C1173/C1172) -> -0.018965041 | F1173: =B1173 -> 46178 | G1173: =IFERROR(INDEX([1]Sheet1!$F$2:$F$1238,MATCH(F1173,[1]Sheet1!$A$2:$A$1238,0)),0) -> 23366.699 | H1173: =LN(G1173/G1172) -> -0.0021311722 | O1173: 1142 | P1173: 0.0056535357 | Q1173: 0.0065432208
B1174: 46181 | C1174: =IFERROR(INDEX(Sheet1!F1173:F2413,MATCH(Mean_Rev!B1174,Sheet1!A1173:A2413,0)),0) -> 2139.6682 | D1174: =LN(C1174/C1173) -> -0.021838437 | F1174: =B1174 -> 46181 | G1174: =IFERROR(INDEX([1]Sheet1!$F$2:$F$1238,MATCH(F1174,[1]Sheet1!$A$2:$A$1238,0)),0) -> 23123 | H1174: =LN(G1174/G1173) -> -0.010484105 | O1174: 1143 | P1174: -0.0066616152 | Q1174: 0.006338325
B1175: 46182 | C1175: =IFERROR(INDEX(Sheet1!F1174:F2414,MATCH(Mean_Rev!B1175,Sheet1!A1174:A2414,0)),0) -> 2139.2705 | D1175: =LN(C1175/C1174) -> -0.00018588959 | F1175: =B1175 -> 46182 | G1175: =IFERROR(INDEX([1]Sheet1!$F$2:$F$1238,MATCH(F1175,[1]Sheet1!$A$2:$A$1238,0)),0) -> 23242.1 | H1175: =LN(G1175/G1174) -> 0.0051374794 | O1175: 1144 | P1175: 0.0036106066 | Q1175: -0.020980308
B1176: 46183 | C1176: =IFERROR(INDEX(Sheet1!F1175:F2415,MATCH(Mean_Rev!B1176,Sheet1!A1175:A2415,0)),0) -> 2142.1545 | D1176: =LN(C1176/C1175) -> 0.0013472307 | F1176: =B1176 -> 46183 | G1176: =IFERROR(INDEX([1]Sheet1!$F$2:$F$1238,MATCH(F1176,[1]Sheet1!$A$2:$A$1238,0)),0) -> 23214.949 | H1176: =LN(G1176/G1175) -> -0.0011688385 | O1176: 1145 | P1176: -0.0034792887 | Q1176: 0.00183269
B1177: 46184 | C1177: =IFERROR(INDEX(Sheet1!F1176:F2416,MATCH(Mean_Rev!B1177,Sheet1!A1176:A2416,0)),0) -> 2123.9546 | D1177: =LN(C1177/C1176) -> -0.0085323938 | F1177: =B1177 -> 46184 | G1177: =IFERROR(INDEX([1]Sheet1!$F$2:$F$1238,MATCH(F1177,[1]Sheet1!$A$2:$A$1238,0)),0) -> 23161.6 | H1177: =LN(G1177/G1176) -> -0.002300716 | O1177: 1146 | P1177: 0.0095662131 | Q1177: -0.0062348565
B1178: 46185 | C1178: =IFERROR(INDEX(Sheet1!F1177:F2417,MATCH(Mean_Rev!B1178,Sheet1!A1177:A2417,0)),0) -> 2149.6138 | D1178: =LN(C1178/C1177) -> 0.01200846 | F1178: =B1178 -> 46185 | G1178: =IFERROR(INDEX([1]Sheet1!$F$2:$F$1238,MATCH(F1178,[1]Sheet1!$A$2:$A$1238,0)),0) -> 23622.9 | H1178: =LN(G1178/G1177) -> 0.019720879 | O1178: 1147 | P1178: -0.00068042017 | Q1178: -0.013378621
B1179: 46188 | C1179: =IFERROR(INDEX(Sheet1!F1178:F2418,MATCH(Mean_Rev!B1179,Sheet1!A1178:A2418,0)),0) -> 2150.2104 | D1179: =LN(C1179/C1178) -> 0.00027753678 | F1179: =B1179 -> 46188 | G1179: =IFERROR(INDEX([1]Sheet1!$F$2:$F$1238,MATCH(F1179,[1]Sheet1!$A$2:$A$1238,0)),0) -> 23853.9 | H1179: =LN(G1179/G1178) -> 0.0097311453 | O1179: 1148 | P1179: -0.0056202211 | Q1179: 0.0027010163
... B1187: 46198 | C1187: =IFERROR(INDEX(Sheet1!F1186:F2426,MATCH(Mean_Rev!B1187,Sheet1!A1186:A2426,0)),0) -> 2083.2773 | D1187: =LN(C1187/C1186) -> -0.0068036268 | F1187: =B1187 -> 46198 | G1187: =IFERROR(INDEX([1]Sheet1!$F$2:$F$1238,MATCH(F1187,[1]Sheet1!$A$2:$A$1238,0)),0) -> 24056 | H1187: =LN(G1187/G1186) -> 0.0014289224 | O1187: 1156 | P1187: 0.00088542756 | Q1187: -0.00075670719
B1188: 46202 | C1188: =IFERROR(INDEX(Sheet1!F1188:F2428,MATCH(Mean_Rev!B1188,Sheet1!A1188:A2428,0)),0) -> 2086.46 | D1188: =LN(C1188/C1187) -> 0.0015265316 | F1188: =B1188 -> 46202 | G1188: =IFERROR(INDEX([1]Sheet1!$F$2:$F$1238,MATCH(F1188,[1]Sheet1!$A$2:$A$1238,0)),0) -> 23946.25 | H1188: =LN(G1188/G1187) -> -0.0045727103 | O1188: 1157 | P1188: -0.00068459991 | Q1188: 0.00059875253
B1189: 46203 | C1189: =IFERROR(INDEX(Sheet1!F1189:F2429,MATCH(Mean_Rev!B1189,Sheet1!A1189:A2429,0)),0) -> 2020.4221 | D1189: =LN(C1189/C1188) -> -0.032162372 | F1189: =B1189 -> 46203 | G1189: =IFERROR(INDEX([1]Sheet1!$F$2:$F$1238,MATCH(F1189,[1]Sheet1!$A$2:$A$1238,0)),0) -> 23865.75 | H1189: =LN(G1189/G1188) -> -0.0033673587 | O1189: 1158 | P1189: 0.0016988833 | Q1189: -0.0059619146
B1190: 46204 | C1190: =IFERROR(INDEX(Sheet1!F1190:F2430,MATCH(Mean_Rev!B1190,Sheet1!A1190:A2430,0)),0) -> 1971.7888 | D1190: =LN(C1190/C1189) -> -0.024365299 | F1190: =B1190 -> 46204 | G1190: =IFERROR(INDEX([1]Sheet1!$F$2:$F$1238,MATCH(F1190,[1]Sheet1!$A$2:$A$1238,0)),0) -> 24005.85 | H1190: =LN(G1190/G1189) -> 0.0058531576 | O1190: 1159 | P1190: 0.010184873 | Q1190: -0.00065169026
B1191: 46205 | C1191: =IFERROR(INDEX(Sheet1!F1191:F2431,MATCH(Mean_Rev!B1191,Sheet1!A1191:A2431,0)),0) -> 2056.8228 | D1191: =LN(C1191/C1190) -> 0.042221279 | F1191: =B1191 -> 46205 | G1191: =IFERROR(INDEX([1]Sheet1!$F$2:$F$1238,MATCH(F1191,[1]Sheet1!$A$2:$A$1238,0)),0) -> 24175.699 | H1191: =LN(G1191/G1190) -> 0.0070504298 | O1191: 1160 | P1191: -0.004568566 | Q1191: -0.0093921281
B1192: 46206 | C1192: =IFERROR(INDEX(Sheet1!F1192:F2432,MATCH(Mean_Rev!B1192,Sheet1!A1192:A2432,0)),0) -> 2082.084 | D1192: =LN(C1192/C1191) -> 0.012206868 | F1192: =B1192 -> 46206 | G1192: =IFERROR(INDEX([1]Sheet1!$F$2:$F$1238,MATCH(F1192,[1]Sheet1!$A$2:$A$1238,0)),0) -> 24270.85 | H1192: =LN(G1192/G1191) -> 0.0039280616 | O1192: 1161 | P1192: -0.0007600523 | Q1192: 0.004268594
B1193: 46209 | C1193: =IFERROR(INDEX(Sheet1!F1193:F2433,MATCH(Mean_Rev!B1193,Sheet1!A1193:A2433,0)),0) -> 2046.3799 | D1193: =LN(C1193/C1192) -> -0.017296986 | F1193: =B1193 -> 46209 | G1193: =IFERROR(INDEX([1]Sheet1!$F$2:$F$1238,MATCH(F1193,[1]Sheet1!$A$2:$A$1238,0)),0) -> 24430.35 | H1193: =LN(G1193/G1192) -> 0.0065501701 | O1193: 1162 | P1193: -0.012946145 | Q1193: 0.0018082283
B1194: 46210 | C1194: =IFERROR(INDEX(Sheet1!F1194:F2434,MATCH(Mean_Rev!B1194,Sheet1!A1194:A2434,0)),0) -> 2084.6699 | D1194: =LN(C1194/C1193) -> 0.018538211 | F1194: =B1194 -> 46210 | G1194: =IFERROR(INDEX([1]Sheet1!$F$2:$F$1238,MATCH(F1194,[1]Sheet1!$A$2:$A$1238,0)),0) -> 24398.699 | H1194: =LN(G1194/G1193) -> -0.0012963757 | O1194: 1163 | P1194: -0.0063021311 | Q1194: 0.023202203
B1195: 46211 | C1195: =IFERROR(INDEX(Sheet1!F1195:F2435,MATCH(Mean_Rev!B1195,Sheet1!A1195:A2435,0)),0) -> 2046.2804 | D1195: =LN(C1195/C1194) -> -0.018586828 | F1195: =B1195 -> 46211 | G1195: =IFERROR(INDEX([1]Sheet1!$F$2:$F$1238,MATCH(F1195,[1]Sheet1!$A$2:$A$1238,0)),0) -> 23882.051 | H1195: =LN(G1195/G1194) -> -0.021402657 | O1195: 1164 | P1195: 0.0029940375 | Q1195: 0.060049852
B1196: 46212 | C1196: =IFERROR(INDEX(Sheet1!F1196:F2436,MATCH(Mean_Rev!B1196,Sheet1!A1196:A2436,0)),0) -> 2038.324 | D1196: =LN(C1196/C1195) -> -0.0038958147 | F1196: =B1196 -> 46212 | G1196: =IFERROR(INDEX([1]Sheet1!$F$2:$F$1238,MATCH(F1196,[1]Sheet1!$A$2:$A$1238,0)),0) -> 23962.801 | H1196: =LN(G1196/G1195) -> 0.003375497 | O1196: 1165 | P1196: -0.0032598177 | Q1196: -0.084327604
B1197: 46213 | C1197: =IFERROR(INDEX(Sheet1!F1197:F2437,MATCH(Mean_Rev!B1197,Sheet1!A1197:A2437,0)),0) -> 2057.7175 | D1197: =LN(C1197/C1196) -> 0.0094694839 | F1197: =B1197 -> 46213 | G1197: =IFERROR(INDEX([1]Sheet1!$F$2:$F$1238,MATCH(F1197,[1]Sheet1!$A$2:$A$1238,0)),0) -> 24206.9 | H1197: =LN(G1197/G1196) -> 0.010135072 | O1197: 1166 | P1197: -0.00015238957 | Q1197: -0.00015986033
B1198: 46216 | C1198: =IFERROR(INDEX(Sheet1!F1198:F2438,MATCH(Mean_Rev!B1198,Sheet1!A1198:A2438,0)),0) -> 2169.6042 | D1198: =LN(C1198/C1197) -> 0.052947404 | F1198: =B1198 -> 46216 | G1198: =IFERROR(INDEX([1]Sheet1!$F$2:$F$1238,MATCH(F1198,[1]Sheet1!$A$2:$A$1238,0)),0) -> 24211 | H1198: =LN(G1198/G1197) -> 0.00016934272 | O1198: 1167 | P1198: -0.00228176 | Q1198: -0.016683281
B1199: 46217 | C1199: =IFERROR(INDEX(Sheet1!F1199:F2439,MATCH(Mean_Rev!B1199,Sheet1!A1199:A2439,0)),0) -> 2188.6001 | D1199: =LN(C1199/C1198) -> 0.0087173379 | F1199: =B1199 -> 46217 | G1199: =IFERROR(INDEX([1]Sheet1!$F$2:$F$1238,MATCH(F1199,[1]Sheet1!$A$2:$A$1238,0)),0) -> 24052.051 | H1199: =LN(G1199/G1198) -> -0.0065868109 | O1199: 1168 | P1199: -0.009125482 | Q1199: -0.012712955
... B1242: 46276 | C1242: =IFERROR(INDEX(Sheet1!F1242:F2482,MATCH(Mean_Rev!B1242,Sheet1!A1242:A2482,0)),0) -> 2200.8 | D1242: =LN(C1242/C1241) -> -0.0014983538 | F1242: =B1242 -> 46276 | G1242: =IFERROR(INDEX([1]Sheet1!$F$2:$F$1238,MATCH(F1242,[1]Sheet1!$A$2:$A$1238,0)),0) -> 23398.1 | H1242: =LN(G1242/G1241) -> -0.0034005213 | O1242: 1211 | P1242: -0.0027118688 | Q1242: 0.03574633
O1243: 1212 | P1243: -9.7260267e-05 | Q1243: -0.010972056
O1244: 1213 | P1244: -0.0042802715 | Q1244: 0.01249151
O1245: 1214 | P1245: -0.0017334443 | Q1245: -0.038310277
O1246: 1215 | P1246: -0.0018812639 | Q1246: 0.012591062
O1247: 1216 | P1247: -0.0015387434 | Q1247: -0.004373436
O1248: 1217 | P1248: -0.0031744406 | Q1248: -0.017278991
...
